STATION,NAME,Day,Average_T,Max_T,Min_T
USW00003177,"CARLSBAD MCCLELLAN PALOMAR AIRPORT, CA US",1/1/2017,50.5,57,44
USW00003177,"CARLSBAD MCCLELLAN PALOMAR AIRPORT, CA US",1/2/2017,54,58,50
USW00003177,"CARLSBAD MCCLELLAN PALOMAR AIRPORT, CA US",1/3/2017,54,59,49
USW00003177,"CARLSBAD MCCLELLAN PALOMAR AIRPORT, CA US",1/4/2017,54,62,46
USW00003177,"CARLSBAD MCCLELLAN PALOMAR AIRPORT, CA US",1/5/2017,57,60,54
USW00003177,"CARLSBAD MCCLELLAN PALOMAR AIRPORT, CA US",1/6/2017,55.5,62,49
USW00003177,"CARLSBAD MCCLELLAN PALOMAR AIRPORT, CA US",1/7/2017,61,72,50
USW00003177,"CARLSBAD MCCLELLAN PALOMAR AIRPORT, CA US",1/8/2017,64.5,75,54
USW00003177,"CARLSBAD MCCLELLAN PALOMAR AIRPORT, CA US",1/9/2017,58.5,62,55
USW00003177,"CARLSBAD MCCLELLAN PALOMAR AIRPORT, CA US",1/10/2017,57.5,61,54
USW00003177,"CARLSBAD MCCLELLAN PALOMAR AIRPORT, CA US",1/11/2017,57,60,54
USW00003177,"CARLSBAD MCCLELLAN PALOMAR AIRPORT, CA US",1/12/2017,55.5,59,52
USW00003177,"CARLSBAD MCCLELLAN PALOMAR AIRPORT, CA US",1/13/2017,55,59,51
USW00003177,"CARLSBAD MCCLELLAN PALOMAR AIRPORT, CA US",1/14/2017,55.5,62,49
USW00003177,"CARLSBAD MCCLELLAN PALOMAR AIRPORT, CA US",1/15/2017,56,62,50
USW00003177,"CARLSBAD MCCLELLAN PALOMAR AIRPORT, CA US",1/16/2017,55.5,61,50
USW00003177,"CARLSBAD MCCLELLAN PALOMAR AIRPORT, CA US",1/17/2017,54,63,45
USW00003177,"CARLSBAD MCCLELLAN PALOMAR AIRPORT, CA US",1/18/2017,53,60,46
USW00003177,"CARLSBAD MCCLELLAN PALOMAR AIRPORT, CA US",1/19/2017,57,61,53
USW00003177,"CARLSBAD MCCLELLAN PALOMAR AIRPORT, CA US",1/20/2017,55.5,58,53
USW00003177,"CARLSBAD MCCLELLAN PALOMAR AIRPORT, CA US",1/21/2017,54,59,49
USW00003177,"CARLSBAD MCCLELLAN PALOMAR AIRPORT, CA US",1/22/2017,54.5,59,50
USW00003177,"CARLSBAD MCCLELLAN PALOMAR AIRPORT, CA US",1/23/2017,52.5,57,48
USW00003177,"CARLSBAD MCCLELLAN PALOMAR AIRPORT, CA US",1/24/2017,49.5,55,44
USW00003177,"CARLSBAD MCCLELLAN PALOMAR AIRPORT, CA US",1/25/2017,49.5,58,41
USW00003177,"CARLSBAD MCCLELLAN PALOMAR AIRPORT, CA US",1/26/2017,50,60,40
USW00003177,"CARLSBAD MCCLELLAN PALOMAR AIRPORT, CA US",1/27/2017,53.5,65,42
USW00003177,"CARLSBAD MCCLELLAN PALOMAR AIRPORT, CA US",1/28/2017,60.5,72,49
USW00003177,"CARLSBAD MCCLELLAN PALOMAR AIRPORT, CA US",1/29/2017,62,76,48
USW00003177,"CARLSBAD MCCLELLAN PALOMAR AIRPORT, CA US",1/30/2017,63,76,50
USW00003177,"CARLSBAD MCCLELLAN PALOMAR AIRPORT, CA US",1/31/2017,59.5,70,49
USW00003177,"CARLSBAD MCCLELLAN PALOMAR AIRPORT, CA US",2/1/2017,53.5,65,42
USW00003177,"CARLSBAD MCCLELLAN PALOMAR AIRPORT, CA US",2/2/2017,56,67,45
USW00003177,"CARLSBAD MCCLELLAN PALOMAR AIRPORT, CA US",2/3/2017,57,64,50
USW00003177,"CARLSBAD MCCLELLAN PALOMAR AIRPORT, CA US",2/4/2017,58.5,63,54
USW00003177,"CARLSBAD MCCLELLAN PALOMAR AIRPORT, CA US",2/5/2017,55.5,59,52
USW00003177,"CARLSBAD MCCLELLAN PALOMAR AIRPORT, CA US",2/6/2017,56,58,54
USW00003177,"CARLSBAD MCCLELLAN PALOMAR AIRPORT, CA US",2/7/2017,62,66,58
USW00003177,"CARLSBAD MCCLELLAN PALOMAR AIRPORT, CA US",2/8/2017,61.5,66,57
USW00003177,"CARLSBAD MCCLELLAN PALOMAR AIRPORT, CA US",2/9/2017,62.5,70,55
USW00003177,"CARLSBAD MCCLELLAN PALOMAR AIRPORT, CA US",2/10/2017,59,63,55
USW00003177,"CARLSBAD MCCLELLAN PALOMAR AIRPORT, CA US",2/11/2017,56,59,53
USW00003177,"CARLSBAD MCCLELLAN PALOMAR AIRPORT, CA US",2/12/2017,56.5,65,48
USW00003177,"CARLSBAD MCCLELLAN PALOMAR AIRPORT, CA US",2/13/2017,58,67,49
USW00003177,"CARLSBAD MCCLELLAN PALOMAR AIRPORT, CA US",2/14/2017,58,63,53
USW00003177,"CARLSBAD MCCLELLAN PALOMAR AIRPORT, CA US",2/15/2017,60.5,72,49
USW00003177,"CARLSBAD MCCLELLAN PALOMAR AIRPORT, CA US",2/16/2017,57,64,50
USW00003177,"CARLSBAD MCCLELLAN PALOMAR AIRPORT, CA US",2/17/2017,57,62,52
USW00003177,"CARLSBAD MCCLELLAN PALOMAR AIRPORT, CA US",2/18/2017,55.5,59,52
USW00003177,"CARLSBAD MCCLELLAN PALOMAR AIRPORT, CA US",2/19/2017,56,59,53
USW00003177,"CARLSBAD MCCLELLAN PALOMAR AIRPORT, CA US",2/20/2017,59,65,53
USW00003177,"CARLSBAD MCCLELLAN PALOMAR AIRPORT, CA US",2/21/2017,60.5,70,51
USW00003177,"CARLSBAD MCCLELLAN PALOMAR AIRPORT, CA US",2/22/2017,57,61,53
USW00003177,"CARLSBAD MCCLELLAN PALOMAR AIRPORT, CA US",2/23/2017,51.5,57,46
USW00003177,"CARLSBAD MCCLELLAN PALOMAR AIRPORT, CA US",2/24/2017,52,60,44
USW00003177,"CARLSBAD MCCLELLAN PALOMAR AIRPORT, CA US",2/25/2017,49.5,58,41
USW00003177,"CARLSBAD MCCLELLAN PALOMAR AIRPORT, CA US",2/26/2017,54.5,59,50
USW00003177,"CARLSBAD MCCLELLAN PALOMAR AIRPORT, CA US",2/27/2017,53,57,49
USW00003177,"CARLSBAD MCCLELLAN PALOMAR AIRPORT, CA US",2/28/2017,54.5,60,49
USW00003177,"CARLSBAD MCCLELLAN PALOMAR AIRPORT, CA US",3/1/2017,56,67,45
USW00003177,"CARLSBAD MCCLELLAN PALOMAR AIRPORT, CA US",3/2/2017,63,76,50
USW00003177,"CARLSBAD MCCLELLAN PALOMAR AIRPORT, CA US",3/3/2017,60.5,74,47
USW00003177,"CARLSBAD MCCLELLAN PALOMAR AIRPORT, CA US",3/4/2017,57,65,49
USW00003177,"CARLSBAD MCCLELLAN PALOMAR AIRPORT, CA US",3/5/2017,55,60,50
USW00003177,"CARLSBAD MCCLELLAN PALOMAR AIRPORT, CA US",3/6/2017,51,58,44
USW00003177,"CARLSBAD MCCLELLAN PALOMAR AIRPORT, CA US",3/7/2017,54,64,44
USW00003177,"CARLSBAD MCCLELLAN PALOMAR AIRPORT, CA US",3/8/2017,61,71,51
USW00003177,"CARLSBAD MCCLELLAN PALOMAR AIRPORT, CA US",3/9/2017,65.5,78,53
USW00003177,"CARLSBAD MCCLELLAN PALOMAR AIRPORT, CA US",3/10/2017,64.5,75,54
USW00003177,"CARLSBAD MCCLELLAN PALOMAR AIRPORT, CA US",3/11/2017,61,69,53
USW00003177,"CARLSBAD MCCLELLAN PALOMAR AIRPORT, CA US",3/12/2017,58.5,66,51
USW00003177,"CARLSBAD MCCLELLAN PALOMAR AIRPORT, CA US",3/13/2017,59.5,67,52
USW00003177,"CARLSBAD MCCLELLAN PALOMAR AIRPORT, CA US",3/14/2017,63,76,50
USW00003177,"CARLSBAD MCCLELLAN PALOMAR AIRPORT, CA US",3/15/2017,66,75,57
USW00003177,"CARLSBAD MCCLELLAN PALOMAR AIRPORT, CA US",3/16/2017,60.5,67,54
USW00003177,"CARLSBAD MCCLELLAN PALOMAR AIRPORT, CA US",3/17/2017,59,65,53
USW00003177,"CARLSBAD MCCLELLAN PALOMAR AIRPORT, CA US",3/18/2017,61.5,68,55
USW00003177,"CARLSBAD MCCLELLAN PALOMAR AIRPORT, CA US",3/19/2017,58,63,53
USW00003177,"CARLSBAD MCCLELLAN PALOMAR AIRPORT, CA US",3/20/2017,60.5,64,57
USW00003177,"CARLSBAD MCCLELLAN PALOMAR AIRPORT, CA US",3/21/2017,61,69,53
USW00003177,"CARLSBAD MCCLELLAN PALOMAR AIRPORT, CA US",3/22/2017,61,64,58
USW00003177,"CARLSBAD MCCLELLAN PALOMAR AIRPORT, CA US",3/23/2017,57.5,63,52
USW00003177,"CARLSBAD MCCLELLAN PALOMAR AIRPORT, CA US",3/24/2017,56.5,64,49
USW00003177,"CARLSBAD MCCLELLAN PALOMAR AIRPORT, CA US",3/25/2017,58.5,65,52
USW00003177,"CARLSBAD MCCLELLAN PALOMAR AIRPORT, CA US",3/26/2017,59,64,54
USW00003177,"CARLSBAD MCCLELLAN PALOMAR AIRPORT, CA US",3/27/2017,60,65,55
USW00003177,"CARLSBAD MCCLELLAN PALOMAR AIRPORT, CA US",3/28/2017,59,68,50
USW00003177,"CARLSBAD MCCLELLAN PALOMAR AIRPORT, CA US",3/29/2017,61.5,72,51
USW00003177,"CARLSBAD MCCLELLAN PALOMAR AIRPORT, CA US",3/30/2017,60,66,54
USW00003177,"CARLSBAD MCCLELLAN PALOMAR AIRPORT, CA US",3/31/2017,58,65,51
USW00003177,"CARLSBAD MCCLELLAN PALOMAR AIRPORT, CA US",4/1/2017,58,67,49
USW00003177,"CARLSBAD MCCLELLAN PALOMAR AIRPORT, CA US",4/2/2017,62,71,53
USW00003177,"CARLSBAD MCCLELLAN PALOMAR AIRPORT, CA US",4/3/2017,60,63,57
USW00003177,"CARLSBAD MCCLELLAN PALOMAR AIRPORT, CA US",4/4/2017,61.5,66,57
USW00003177,"CARLSBAD MCCLELLAN PALOMAR AIRPORT, CA US",4/5/2017,63.5,74,53
USW00003177,"CARLSBAD MCCLELLAN PALOMAR AIRPORT, CA US",4/6/2017,63,72,54
USW00003177,"CARLSBAD MCCLELLAN PALOMAR AIRPORT, CA US",4/7/2017,62,69,55
USW00003177,"CARLSBAD MCCLELLAN PALOMAR AIRPORT, CA US",4/8/2017,60,66,54
USW00003177,"CARLSBAD MCCLELLAN PALOMAR AIRPORT, CA US",4/9/2017,57,64,50
USW00003177,"CARLSBAD MCCLELLAN PALOMAR AIRPORT, CA US",4/10/2017,59.5,69,50
USW00003177,"CARLSBAD MCCLELLAN PALOMAR AIRPORT, CA US",4/11/2017,61.5,71,52
USW00003177,"CARLSBAD MCCLELLAN PALOMAR AIRPORT, CA US",4/12/2017,59.5,67,52
USW00003177,"CARLSBAD MCCLELLAN PALOMAR AIRPORT, CA US",4/13/2017,63,70,56
USW00003177,"CARLSBAD MCCLELLAN PALOMAR AIRPORT, CA US",4/14/2017,57.5,64,51
USW00003177,"CARLSBAD MCCLELLAN PALOMAR AIRPORT, CA US",4/15/2017,60,69,51
USW00003177,"CARLSBAD MCCLELLAN PALOMAR AIRPORT, CA US",4/16/2017,61,69,53
USW00003177,"CARLSBAD MCCLELLAN PALOMAR AIRPORT, CA US",4/17/2017,61,68,54
USW00003177,"CARLSBAD MCCLELLAN PALOMAR AIRPORT, CA US",4/18/2017,64,69,59
USW00003177,"CARLSBAD MCCLELLAN PALOMAR AIRPORT, CA US",4/19/2017,63.5,69,58
USW00003177,"CARLSBAD MCCLELLAN PALOMAR AIRPORT, CA US",4/20/2017,60.5,68,53
USW00003177,"CARLSBAD MCCLELLAN PALOMAR AIRPORT, CA US",4/21/2017,65.5,76,55
USW00003177,"CARLSBAD MCCLELLAN PALOMAR AIRPORT, CA US",4/22/2017,70,82,58
USW00003177,"CARLSBAD MCCLELLAN PALOMAR AIRPORT, CA US",4/23/2017,64.5,71,58
USW00003177,"CARLSBAD MCCLELLAN PALOMAR AIRPORT, CA US",4/24/2017,63.5,67,60
USW00003177,"CARLSBAD MCCLELLAN PALOMAR AIRPORT, CA US",4/25/2017,63.5,68,59
USW00003177,"CARLSBAD MCCLELLAN PALOMAR AIRPORT, CA US",4/26/2017,63,71,55
USW00003177,"CARLSBAD MCCLELLAN PALOMAR AIRPORT, CA US",4/27/2017,63,67,59
USW00003177,"CARLSBAD MCCLELLAN PALOMAR AIRPORT, CA US",4/28/2017,64,71,57
USW00003177,"CARLSBAD MCCLELLAN PALOMAR AIRPORT, CA US",4/29/2017,69.5,81,58
USW00003177,"CARLSBAD MCCLELLAN PALOMAR AIRPORT, CA US",4/30/2017,68,77,59
USW00003177,"CARLSBAD MCCLELLAN PALOMAR AIRPORT, CA US",5/1/2017,65,74,56
USW00003177,"CARLSBAD MCCLELLAN PALOMAR AIRPORT, CA US",5/2/2017,64,72,56
USW00003177,"CARLSBAD MCCLELLAN PALOMAR AIRPORT, CA US",5/3/2017,65.5,72,59
USW00003177,"CARLSBAD MCCLELLAN PALOMAR AIRPORT, CA US",5/4/2017,66,71,61
USW00003177,"CARLSBAD MCCLELLAN PALOMAR AIRPORT, CA US",5/5/2017,61.5,63,60
USW00003177,"CARLSBAD MCCLELLAN PALOMAR AIRPORT, CA US",5/6/2017,57,64,50
USW00003177,"CARLSBAD MCCLELLAN PALOMAR AIRPORT, CA US",5/7/2017,54.5,60,49
USW00003177,"CARLSBAD MCCLELLAN PALOMAR AIRPORT, CA US",5/8/2017,56.5,64,49
USW00003177,"CARLSBAD MCCLELLAN PALOMAR AIRPORT, CA US",5/9/2017,61,64,58
USW00003177,"CARLSBAD MCCLELLAN PALOMAR AIRPORT, CA US",5/10/2017,61.5,64,59
USW00003177,"CARLSBAD MCCLELLAN PALOMAR AIRPORT, CA US",5/11/2017,62.5,67,58
USW00003177,"CARLSBAD MCCLELLAN PALOMAR AIRPORT, CA US",5/12/2017,61,64,58
USW00003177,"CARLSBAD MCCLELLAN PALOMAR AIRPORT, CA US",5/13/2017,62.5,68,57
USW00003177,"CARLSBAD MCCLELLAN PALOMAR AIRPORT, CA US",5/14/2017,60.5,66,55
USW00003177,"CARLSBAD MCCLELLAN PALOMAR AIRPORT, CA US",5/15/2017,58.5,61,56
USW00003177,"CARLSBAD MCCLELLAN PALOMAR AIRPORT, CA US",5/16/2017,59,63,55
USW00003177,"CARLSBAD MCCLELLAN PALOMAR AIRPORT, CA US",5/17/2017,61,65,57
USW00003177,"CARLSBAD MCCLELLAN PALOMAR AIRPORT, CA US",5/18/2017,61,67,55
USW00003177,"CARLSBAD MCCLELLAN PALOMAR AIRPORT, CA US",5/19/2017,67.5,78,57
USW00003177,"CARLSBAD MCCLELLAN PALOMAR AIRPORT, CA US",5/20/2017,71,81,61
USW00003177,"CARLSBAD MCCLELLAN PALOMAR AIRPORT, CA US",5/21/2017,66,73,59
USW00003177,"CARLSBAD MCCLELLAN PALOMAR AIRPORT, CA US",5/22/2017,64,69,59
USW00003177,"CARLSBAD MCCLELLAN PALOMAR AIRPORT, CA US",5/23/2017,66.5,73,60
USW00003177,"CARLSBAD MCCLELLAN PALOMAR AIRPORT, CA US",5/24/2017,64,68,60
USW00003177,"CARLSBAD MCCLELLAN PALOMAR AIRPORT, CA US",5/25/2017,62,65,59
USW00003177,"CARLSBAD MCCLELLAN PALOMAR AIRPORT, CA US",5/26/2017,65,69,61
USW00003177,"CARLSBAD MCCLELLAN PALOMAR AIRPORT, CA US",5/27/2017,63,67,59
USW00003177,"CARLSBAD MCCLELLAN PALOMAR AIRPORT, CA US",5/28/2017,61,67,55
USW00003177,"CARLSBAD MCCLELLAN PALOMAR AIRPORT, CA US",5/29/2017,62,65,59
USW00003177,"CARLSBAD MCCLELLAN PALOMAR AIRPORT, CA US",5/30/2017,62,65,59
USW00003177,"CARLSBAD MCCLELLAN PALOMAR AIRPORT, CA US",5/31/2017,62,64,60
USW00003177,"CARLSBAD MCCLELLAN PALOMAR AIRPORT, CA US",6/1/2017,64,68,60
USW00003177,"CARLSBAD MCCLELLAN PALOMAR AIRPORT, CA US",6/2/2017,65.5,69,62
USW00003177,"CARLSBAD MCCLELLAN PALOMAR AIRPORT, CA US",6/3/2017,64.5,67,62
USW00003177,"CARLSBAD MCCLELLAN PALOMAR AIRPORT, CA US",6/4/2017,62.5,65,60
USW00003177,"CARLSBAD MCCLELLAN PALOMAR AIRPORT, CA US",6/5/2017,63,66,60
USW00003177,"CARLSBAD MCCLELLAN PALOMAR AIRPORT, CA US",6/6/2017,63,65,61
USW00003177,"CARLSBAD MCCLELLAN PALOMAR AIRPORT, CA US",6/7/2017,#DIV/0!,,
USW00003177,"CARLSBAD MCCLELLAN PALOMAR AIRPORT, CA US",6/8/2017,63.5,68,59
USW00003177,"CARLSBAD MCCLELLAN PALOMAR AIRPORT, CA US",6/9/2017,65,69,61
USW00003177,"CARLSBAD MCCLELLAN PALOMAR AIRPORT, CA US",6/10/2017,63.5,67,60
USW00003177,"CARLSBAD MCCLELLAN PALOMAR AIRPORT, CA US",6/11/2017,62,67,57
USW00003177,"CARLSBAD MCCLELLAN PALOMAR AIRPORT, CA US",6/12/2017,61.5,69,54
USW00003177,"CARLSBAD MCCLELLAN PALOMAR AIRPORT, CA US",6/13/2017,63,72,54
USW00003177,"CARLSBAD MCCLELLAN PALOMAR AIRPORT, CA US",6/14/2017,65.5,73,58
USW00003177,"CARLSBAD MCCLELLAN PALOMAR AIRPORT, CA US",6/15/2017,68,77,59
USW00003177,"CARLSBAD MCCLELLAN PALOMAR AIRPORT, CA US",6/16/2017,68.5,78,59
USW00003177,"CARLSBAD MCCLELLAN PALOMAR AIRPORT, CA US",6/17/2017,69,75,63
USW00003177,"CARLSBAD MCCLELLAN PALOMAR AIRPORT, CA US",6/18/2017,67,73,61
USW00003177,"CARLSBAD MCCLELLAN PALOMAR AIRPORT, CA US",6/19/2017,69.5,77,62
USW00003177,"CARLSBAD MCCLELLAN PALOMAR AIRPORT, CA US",6/20/2017,67,72,62
USW00003177,"CARLSBAD MCCLELLAN PALOMAR AIRPORT, CA US",6/21/2017,66.5,71,62
USW00003177,"CARLSBAD MCCLELLAN PALOMAR AIRPORT, CA US",6/22/2017,66.5,71,62
USW00003177,"CARLSBAD MCCLELLAN PALOMAR AIRPORT, CA US",6/23/2017,66,69,63
USW00003177,"CARLSBAD MCCLELLAN PALOMAR AIRPORT, CA US",6/24/2017,66,70,62
USW00003177,"CARLSBAD MCCLELLAN PALOMAR AIRPORT, CA US",6/25/2017,68.5,74,63
USW00003177,"CARLSBAD MCCLELLAN PALOMAR AIRPORT, CA US",6/26/2017,72.5,81,64
USW00003177,"CARLSBAD MCCLELLAN PALOMAR AIRPORT, CA US",6/27/2017,69.5,77,62
USW00003177,"CARLSBAD MCCLELLAN PALOMAR AIRPORT, CA US",6/28/2017,65,69,61
USW00003177,"CARLSBAD MCCLELLAN PALOMAR AIRPORT, CA US",6/29/2017,66,70,62
USW00003177,"CARLSBAD MCCLELLAN PALOMAR AIRPORT, CA US",6/30/2017,66.5,70,63
USW00003177,"CARLSBAD MCCLELLAN PALOMAR AIRPORT, CA US",7/1/2017,66.5,70,63
USW00003177,"CARLSBAD MCCLELLAN PALOMAR AIRPORT, CA US",7/2/2017,67.5,71,64
USW00003177,"CARLSBAD MCCLELLAN PALOMAR AIRPORT, CA US",7/3/2017,68.5,74,63
USW00003177,"CARLSBAD MCCLELLAN PALOMAR AIRPORT, CA US",7/4/2017,68.5,73,64
USW00003177,"CARLSBAD MCCLELLAN PALOMAR AIRPORT, CA US",7/5/2017,69,73,65
USW00003177,"CARLSBAD MCCLELLAN PALOMAR AIRPORT, CA US",7/6/2017,70,75,65
USW00003177,"CARLSBAD MCCLELLAN PALOMAR AIRPORT, CA US",7/7/2017,73,81,65
USW00003177,"CARLSBAD MCCLELLAN PALOMAR AIRPORT, CA US",7/8/2017,75,81,69
USW00003177,"CARLSBAD MCCLELLAN PALOMAR AIRPORT, CA US",7/9/2017,76,83,69
USW00003177,"CARLSBAD MCCLELLAN PALOMAR AIRPORT, CA US",7/10/2017,73.5,78,69
USW00003177,"CARLSBAD MCCLELLAN PALOMAR AIRPORT, CA US",7/11/2017,72,76,68
USW00003177,"CARLSBAD MCCLELLAN PALOMAR AIRPORT, CA US",7/12/2017,72.5,76,69
USW00003177,"CARLSBAD MCCLELLAN PALOMAR AIRPORT, CA US",7/13/2017,72.5,77,68
USW00003177,"CARLSBAD MCCLELLAN PALOMAR AIRPORT, CA US",7/14/2017,71,75,67
USW00003177,"CARLSBAD MCCLELLAN PALOMAR AIRPORT, CA US",7/15/2017,71,75,67
USW00003177,"CARLSBAD MCCLELLAN PALOMAR AIRPORT, CA US",7/16/2017,71,76,66
USW00003177,"CARLSBAD MCCLELLAN PALOMAR AIRPORT, CA US",7/17/2017,71.5,75,68
USW00003177,"CARLSBAD MCCLELLAN PALOMAR AIRPORT, CA US",7/18/2017,70.5,74,67
USW00003177,"CARLSBAD MCCLELLAN PALOMAR AIRPORT, CA US",7/19/2017,72.5,76,69
USW00003177,"CARLSBAD MCCLELLAN PALOMAR AIRPORT, CA US",7/20/2017,72.5,77,68
USW00003177,"CARLSBAD MCCLELLAN PALOMAR AIRPORT, CA US",7/21/2017,71.5,75,68
USW00003177,"CARLSBAD MCCLELLAN PALOMAR AIRPORT, CA US",7/22/2017,71,74,68
USW00003177,"CARLSBAD MCCLELLAN PALOMAR AIRPORT, CA US",7/23/2017,71.5,76,67
USW00003177,"CARLSBAD MCCLELLAN PALOMAR AIRPORT, CA US",7/24/2017,72,76,68
USW00003177,"CARLSBAD MCCLELLAN PALOMAR AIRPORT, CA US",7/25/2017,71,73,69
USW00003177,"CARLSBAD MCCLELLAN PALOMAR AIRPORT, CA US",7/26/2017,72,75,69
USW00003177,"CARLSBAD MCCLELLAN PALOMAR AIRPORT, CA US",7/27/2017,72,76,68
USW00003177,"CARLSBAD MCCLELLAN PALOMAR AIRPORT, CA US",7/28/2017,70.5,74,67
USW00003177,"CARLSBAD MCCLELLAN PALOMAR AIRPORT, CA US",7/29/2017,70.5,75,66
USW00003177,"CARLSBAD MCCLELLAN PALOMAR AIRPORT, CA US",7/30/2017,70.5,75,66
USW00003177,"CARLSBAD MCCLELLAN PALOMAR AIRPORT, CA US",7/31/2017,70.5,73,68
USW00003177,"CARLSBAD MCCLELLAN PALOMAR AIRPORT, CA US",8/1/2017,73.5,79,68
USW00003177,"CARLSBAD MCCLELLAN PALOMAR AIRPORT, CA US",8/2/2017,77.5,84,71
USW00003177,"CARLSBAD MCCLELLAN PALOMAR AIRPORT, CA US",8/3/2017,76,81,71
USW00003177,"CARLSBAD MCCLELLAN PALOMAR AIRPORT, CA US",8/4/2017,74.5,78,71
USW00003177,"CARLSBAD MCCLELLAN PALOMAR AIRPORT, CA US",8/5/2017,72.5,76,69
USW00003177,"CARLSBAD MCCLELLAN PALOMAR AIRPORT, CA US",8/6/2017,72,75,69
USW00003177,"CARLSBAD MCCLELLAN PALOMAR AIRPORT, CA US",8/7/2017,72.5,76,69
USW00003177,"CARLSBAD MCCLELLAN PALOMAR AIRPORT, CA US",8/8/2017,71.5,75,68
USW00003177,"CARLSBAD MCCLELLAN PALOMAR AIRPORT, CA US",8/9/2017,70.5,74,67
USW00003177,"CARLSBAD MCCLELLAN PALOMAR AIRPORT, CA US",8/10/2017,70,74,66
USW00003177,"CARLSBAD MCCLELLAN PALOMAR AIRPORT, CA US",8/11/2017,70.5,75,66
USW00003177,"CARLSBAD MCCLELLAN PALOMAR AIRPORT, CA US",8/12/2017,69,73,65
USW00003177,"CARLSBAD MCCLELLAN PALOMAR AIRPORT, CA US",8/13/2017,69,73,65
USW00003177,"CARLSBAD MCCLELLAN PALOMAR AIRPORT, CA US",8/14/2017,69,73,65
USW00003177,"CARLSBAD MCCLELLAN PALOMAR AIRPORT, CA US",8/15/2017,66,68,64
USW00003177,"CARLSBAD MCCLELLAN PALOMAR AIRPORT, CA US",8/16/2017,68,72,64
USW00003177,"CARLSBAD MCCLELLAN PALOMAR AIRPORT, CA US",8/17/2017,67.5,74,61
USW00003177,"CARLSBAD MCCLELLAN PALOMAR AIRPORT, CA US",8/18/2017,69.5,73,66
USW00003177,"CARLSBAD MCCLELLAN PALOMAR AIRPORT, CA US",8/19/2017,68.5,72,65
USW00003177,"CARLSBAD MCCLELLAN PALOMAR AIRPORT, CA US",8/20/2017,69,73,65
USW00003177,"CARLSBAD MCCLELLAN PALOMAR AIRPORT, CA US",8/21/2017,70.5,75,66
USW00003177,"CARLSBAD MCCLELLAN PALOMAR AIRPORT, CA US",8/22/2017,68.5,74,63
USW00003177,"CARLSBAD MCCLELLAN PALOMAR AIRPORT, CA US",8/23/2017,66.5,68,65
USW00003177,"CARLSBAD MCCLELLAN PALOMAR AIRPORT, CA US",8/24/2017,67,70,64
USW00003177,"CARLSBAD MCCLELLAN PALOMAR AIRPORT, CA US",8/25/2017,68.5,71,66
USW00003177,"CARLSBAD MCCLELLAN PALOMAR AIRPORT, CA US",8/26/2017,69.5,74,65
USW00003177,"CARLSBAD MCCLELLAN PALOMAR AIRPORT, CA US",8/27/2017,69,73,65
USW00003177,"CARLSBAD MCCLELLAN PALOMAR AIRPORT, CA US",8/28/2017,69.5,74,65
USW00003177,"CARLSBAD MCCLELLAN PALOMAR AIRPORT, CA US",8/29/2017,73,81,65
USW00003177,"CARLSBAD MCCLELLAN PALOMAR AIRPORT, CA US",8/30/2017,74.5,83,66
USW00003177,"CARLSBAD MCCLELLAN PALOMAR AIRPORT, CA US",8/31/2017,77.5,85,70
USW00003177,"CARLSBAD MCCLELLAN PALOMAR AIRPORT, CA US",9/1/2017,80,89,71
USW00003177,"CARLSBAD MCCLELLAN PALOMAR AIRPORT, CA US",9/2/2017,81,91,71
USW00003177,"CARLSBAD MCCLELLAN PALOMAR AIRPORT, CA US",9/3/2017,81.5,92,71
USW00003177,"CARLSBAD MCCLELLAN PALOMAR AIRPORT, CA US",9/4/2017,72,75,69
USW00003177,"CARLSBAD MCCLELLAN PALOMAR AIRPORT, CA US",9/5/2017,72,77,67
USW00003177,"CARLSBAD MCCLELLAN PALOMAR AIRPORT, CA US",9/6/2017,72.5,77,68
USW00003177,"CARLSBAD MCCLELLAN PALOMAR AIRPORT, CA US",9/7/2017,71.5,77,66
USW00003177,"CARLSBAD MCCLELLAN PALOMAR AIRPORT, CA US",9/8/2017,71,74,68
USW00003177,"CARLSBAD MCCLELLAN PALOMAR AIRPORT, CA US",9/9/2017,71.5,75,68
USW00003177,"CARLSBAD MCCLELLAN PALOMAR AIRPORT, CA US",9/10/2017,71.5,77,66
USW00003177,"CARLSBAD MCCLELLAN PALOMAR AIRPORT, CA US",9/11/2017,75,82,68
USW00003177,"CARLSBAD MCCLELLAN PALOMAR AIRPORT, CA US",9/12/2017,71,74,68
USW00003177,"CARLSBAD MCCLELLAN PALOMAR AIRPORT, CA US",9/13/2017,69,73,65
USW00003177,"CARLSBAD MCCLELLAN PALOMAR AIRPORT, CA US",9/14/2017,70,74,66
USW00003177,"CARLSBAD MCCLELLAN PALOMAR AIRPORT, CA US",9/15/2017,69.5,73,66
USW00003177,"CARLSBAD MCCLELLAN PALOMAR AIRPORT, CA US",9/16/2017,69,72,66
USW00003177,"CARLSBAD MCCLELLAN PALOMAR AIRPORT, CA US",9/17/2017,69,72,66
USW00003177,"CARLSBAD MCCLELLAN PALOMAR AIRPORT, CA US",9/18/2017,69.5,74,65
USW00003177,"CARLSBAD MCCLELLAN PALOMAR AIRPORT, CA US",9/19/2017,69.5,73,66
USW00003177,"CARLSBAD MCCLELLAN PALOMAR AIRPORT, CA US",9/20/2017,70,73,67
USW00003177,"CARLSBAD MCCLELLAN PALOMAR AIRPORT, CA US",9/21/2017,65,70,60
USW00003177,"CARLSBAD MCCLELLAN PALOMAR AIRPORT, CA US",9/22/2017,64.5,71,58
USW00003177,"CARLSBAD MCCLELLAN PALOMAR AIRPORT, CA US",9/23/2017,63,69,57
USW00003177,"CARLSBAD MCCLELLAN PALOMAR AIRPORT, CA US",9/24/2017,65.5,75,56
USW00003177,"CARLSBAD MCCLELLAN PALOMAR AIRPORT, CA US",9/25/2017,69.5,81,58
USW00003177,"CARLSBAD MCCLELLAN PALOMAR AIRPORT, CA US",9/26/2017,68.5,78,59
USW00003177,"CARLSBAD MCCLELLAN PALOMAR AIRPORT, CA US",9/27/2017,65.5,75,56
USW00003177,"CARLSBAD MCCLELLAN PALOMAR AIRPORT, CA US",9/28/2017,66.5,75,58
USW00003177,"CARLSBAD MCCLELLAN PALOMAR AIRPORT, CA US",9/29/2017,68,77,59
USW00003177,"CARLSBAD MCCLELLAN PALOMAR AIRPORT, CA US",9/30/2017,68,73,63
USW00003177,"CARLSBAD MCCLELLAN PALOMAR AIRPORT, CA US",10/1/2017,68,71,65
USW00003177,"CARLSBAD MCCLELLAN PALOMAR AIRPORT, CA US",10/2/2017,67.5,72,63
USW00003177,"CARLSBAD MCCLELLAN PALOMAR AIRPORT, CA US",10/3/2017,66.5,71,62
USW00003177,"CARLSBAD MCCLELLAN PALOMAR AIRPORT, CA US",10/4/2017,65,72,58
USW00003177,"CARLSBAD MCCLELLAN PALOMAR AIRPORT, CA US",10/5/2017,66,75,57
USW00003177,"CARLSBAD MCCLELLAN PALOMAR AIRPORT, CA US",10/6/2017,68,80,56
USW00003177,"CARLSBAD MCCLELLAN PALOMAR AIRPORT, CA US",10/7/2017,73,87,59
USW00003177,"CARLSBAD MCCLELLAN PALOMAR AIRPORT, CA US",10/8/2017,65.5,72,59
USW00003177,"CARLSBAD MCCLELLAN PALOMAR AIRPORT, CA US",10/9/2017,68.5,76,61
USW00003177,"CARLSBAD MCCLELLAN PALOMAR AIRPORT, CA US",10/10/2017,64.5,75,54
USW00003177,"CARLSBAD MCCLELLAN PALOMAR AIRPORT, CA US",10/11/2017,65,71,59
USW00003177,"CARLSBAD MCCLELLAN PALOMAR AIRPORT, CA US",10/12/2017,67.5,71,64
USW00003177,"CARLSBAD MCCLELLAN PALOMAR AIRPORT, CA US",10/13/2017,66,71,61
USW00003177,"CARLSBAD MCCLELLAN PALOMAR AIRPORT, CA US",10/14/2017,65,73,57
USW00003177,"CARLSBAD MCCLELLAN PALOMAR AIRPORT, CA US",10/15/2017,74,90,58
USW00003177,"CARLSBAD MCCLELLAN PALOMAR AIRPORT, CA US",10/16/2017,76,88,64
USW00003177,"CARLSBAD MCCLELLAN PALOMAR AIRPORT, CA US",10/17/2017,74.5,83,66
USW00003177,"CARLSBAD MCCLELLAN PALOMAR AIRPORT, CA US",10/18/2017,70.5,77,64
USW00003177,"CARLSBAD MCCLELLAN PALOMAR AIRPORT, CA US",10/19/2017,68,71,65
USW00003177,"CARLSBAD MCCLELLAN PALOMAR AIRPORT, CA US",10/20/2017,65.5,69,62
USW00003177,"CARLSBAD MCCLELLAN PALOMAR AIRPORT, CA US",10/21/2017,64.5,72,57
USW00003177,"CARLSBAD MCCLELLAN PALOMAR AIRPORT, CA US",10/22/2017,71,83,59
USW00003177,"CARLSBAD MCCLELLAN PALOMAR AIRPORT, CA US",10/23/2017,77.5,92,63
USW00003177,"CARLSBAD MCCLELLAN PALOMAR AIRPORT, CA US",10/24/2017,87,104,70
USW00003177,"CARLSBAD MCCLELLAN PALOMAR AIRPORT, CA US",10/25/2017,81,95,67
USW00003177,"CARLSBAD MCCLELLAN PALOMAR AIRPORT, CA US",10/26/2017,75,86,64
USW00003177,"CARLSBAD MCCLELLAN PALOMAR AIRPORT, CA US",10/27/2017,68,77,59
USW00003177,"CARLSBAD MCCLELLAN PALOMAR AIRPORT, CA US",10/28/2017,65.5,70,61
USW00003177,"CARLSBAD MCCLELLAN PALOMAR AIRPORT, CA US",10/29/2017,65,69,61
USW00003177,"CARLSBAD MCCLELLAN PALOMAR AIRPORT, CA US",10/30/2017,63.5,65,62
USW00003177,"CARLSBAD MCCLELLAN PALOMAR AIRPORT, CA US",10/31/2017,62.5,65,60
USW00003177,"CARLSBAD MCCLELLAN PALOMAR AIRPORT, CA US",11/1/2017,65,68,62
USW00003177,"CARLSBAD MCCLELLAN PALOMAR AIRPORT, CA US",11/2/2017,63.5,67,60
USW00003177,"CARLSBAD MCCLELLAN PALOMAR AIRPORT, CA US",11/3/2017,63,70,56
USW00003177,"CARLSBAD MCCLELLAN PALOMAR AIRPORT, CA US",11/4/2017,61,68,54
USW00003177,"CARLSBAD MCCLELLAN PALOMAR AIRPORT, CA US",11/5/2017,62,69,55
USW00003177,"CARLSBAD MCCLELLAN PALOMAR AIRPORT, CA US",11/6/2017,63,70,56
USW00003177,"CARLSBAD MCCLELLAN PALOMAR AIRPORT, CA US",11/7/2017,66,73,59
USW00003177,"CARLSBAD MCCLELLAN PALOMAR AIRPORT, CA US",11/8/2017,65.5,75,56
USW00003177,"CARLSBAD MCCLELLAN PALOMAR AIRPORT, CA US",11/9/2017,62.5,69,56
USW00003177,"CARLSBAD MCCLELLAN PALOMAR AIRPORT, CA US",11/10/2017,60.5,68,53
USW00003177,"CARLSBAD MCCLELLAN PALOMAR AIRPORT, CA US",11/11/2017,58.5,67,50
USW00003177,"CARLSBAD MCCLELLAN PALOMAR AIRPORT, CA US",11/12/2017,59.5,66,53
USW00003177,"CARLSBAD MCCLELLAN PALOMAR AIRPORT, CA US",11/13/2017,61,69,53
USW00003177,"CARLSBAD MCCLELLAN PALOMAR AIRPORT, CA US",11/14/2017,61.5,72,51
USW00003177,"CARLSBAD MCCLELLAN PALOMAR AIRPORT, CA US",11/15/2017,65.5,77,54
USW00003177,"CARLSBAD MCCLELLAN PALOMAR AIRPORT, CA US",11/16/2017,66.5,75,58
USW00003177,"CARLSBAD MCCLELLAN PALOMAR AIRPORT, CA US",11/17/2017,66,71,61
USW00003177,"CARLSBAD MCCLELLAN PALOMAR AIRPORT, CA US",11/18/2017,62,70,54
USW00003177,"CARLSBAD MCCLELLAN PALOMAR AIRPORT, CA US",11/19/2017,61.5,74,49
USW00003177,"CARLSBAD MCCLELLAN PALOMAR AIRPORT, CA US",11/20/2017,59.5,71,48
USW00003177,"CARLSBAD MCCLELLAN PALOMAR AIRPORT, CA US",11/21/2017,67.5,78,57
USW00003177,"CARLSBAD MCCLELLAN PALOMAR AIRPORT, CA US",11/22/2017,72,87,57
USW00003177,"CARLSBAD MCCLELLAN PALOMAR AIRPORT, CA US",11/23/2017,75,87,63
USW00003177,"CARLSBAD MCCLELLAN PALOMAR AIRPORT, CA US",11/24/2017,71.5,84,59
USW00003177,"CARLSBAD MCCLELLAN PALOMAR AIRPORT, CA US",11/25/2017,64.5,72,57
USW00003177,"CARLSBAD MCCLELLAN PALOMAR AIRPORT, CA US",11/26/2017,58,64,52
USW00003177,"CARLSBAD MCCLELLAN PALOMAR AIRPORT, CA US",11/27/2017,58,64,52
USW00003177,"CARLSBAD MCCLELLAN PALOMAR AIRPORT, CA US",11/28/2017,55.5,64,47
USW00003177,"CARLSBAD MCCLELLAN PALOMAR AIRPORT, CA US",11/29/2017,60,67,53
USW00003177,"CARLSBAD MCCLELLAN PALOMAR AIRPORT, CA US",11/30/2017,59,66,52
USW00003177,"CARLSBAD MCCLELLAN PALOMAR AIRPORT, CA US",12/1/2017,59,68,50
USW00003177,"CARLSBAD MCCLELLAN PALOMAR AIRPORT, CA US",12/2/2017,60,69,51
USW00003177,"CARLSBAD MCCLELLAN PALOMAR AIRPORT, CA US",12/3/2017,60,65,55
USW00003177,"CARLSBAD MCCLELLAN PALOMAR AIRPORT, CA US",12/4/2017,59.5,69,50
USW00003177,"CARLSBAD MCCLELLAN PALOMAR AIRPORT, CA US",12/5/2017,62,73,51
USW00003177,"CARLSBAD MCCLELLAN PALOMAR AIRPORT, CA US",12/6/2017,62.5,75,50
USW00003177,"CARLSBAD MCCLELLAN PALOMAR AIRPORT, CA US",12/7/2017,66,82,50
USW00003177,"CARLSBAD MCCLELLAN PALOMAR AIRPORT, CA US",12/8/2017,65.5,78,53
USW00003177,"CARLSBAD MCCLELLAN PALOMAR AIRPORT, CA US",12/9/2017,68,83,53
USW00003177,"CARLSBAD MCCLELLAN PALOMAR AIRPORT, CA US",12/10/2017,71,85,57
USW00003177,"CARLSBAD MCCLELLAN PALOMAR AIRPORT, CA US",12/11/2017,67,78,56
USW00003177,"CARLSBAD MCCLELLAN PALOMAR AIRPORT, CA US",12/12/2017,64,77,51
USW00003177,"CARLSBAD MCCLELLAN PALOMAR AIRPORT, CA US",12/13/2017,63.5,78,49
USW00003177,"CARLSBAD MCCLELLAN PALOMAR AIRPORT, CA US",12/14/2017,59,70,48
USW00003177,"CARLSBAD MCCLELLAN PALOMAR AIRPORT, CA US",12/15/2017,63.5,76,51
USW00003177,"CARLSBAD MCCLELLAN PALOMAR AIRPORT, CA US",12/16/2017,57.5,65,50
USW00003177,"CARLSBAD MCCLELLAN PALOMAR AIRPORT, CA US",12/17/2017,62,74,50
USW00003177,"CARLSBAD MCCLELLAN PALOMAR AIRPORT, CA US",12/18/2017,58.5,68,49
USW00003177,"CARLSBAD MCCLELLAN PALOMAR AIRPORT, CA US",12/19/2017,56,65,47
USW00003177,"CARLSBAD MCCLELLAN PALOMAR AIRPORT, CA US",12/20/2017,53,62,44
USW00003177,"CARLSBAD MCCLELLAN PALOMAR AIRPORT, CA US",12/21/2017,55,65,45
USW00003177,"CARLSBAD MCCLELLAN PALOMAR AIRPORT, CA US",12/22/2017,52.5,66,39
USW00003177,"CARLSBAD MCCLELLAN PALOMAR AIRPORT, CA US",12/23/2017,54,64,44
USW00003177,"CARLSBAD MCCLELLAN PALOMAR AIRPORT, CA US",12/24/2017,55,67,43
USW00003177,"CARLSBAD MCCLELLAN PALOMAR AIRPORT, CA US",12/25/2017,55.5,67,44
USW00003177,"CARLSBAD MCCLELLAN PALOMAR AIRPORT, CA US",12/26/2017,54.5,64,45
USW00003177,"CARLSBAD MCCLELLAN PALOMAR AIRPORT, CA US",12/27/2017,57,68,46
USW00003177,"CARLSBAD MCCLELLAN PALOMAR AIRPORT, CA US",12/28/2017,59,71,47
USW00003177,"CARLSBAD MCCLELLAN PALOMAR AIRPORT, CA US",12/29/2017,62.5,77,48
USW00003177,"CARLSBAD MCCLELLAN PALOMAR AIRPORT, CA US",12/30/2017,59.5,72,47
USW00003177,"CARLSBAD MCCLELLAN PALOMAR AIRPORT, CA US",12/31/2017,55.5,63,48
USW00003177,"CARLSBAD MCCLELLAN PALOMAR AIRPORT, CA US",1/1/2018,54.5,64,45
USW00003177,"CARLSBAD MCCLELLAN PALOMAR AIRPORT, CA US",1/2/2018,62,72,52
USW00003177,"CARLSBAD MCCLELLAN PALOMAR AIRPORT, CA US",1/3/2018,62.5,73,52
USW00003177,"CARLSBAD MCCLELLAN PALOMAR AIRPORT, CA US",1/4/2018,61,71,51
USW00003177,"CARLSBAD MCCLELLAN PALOMAR AIRPORT, CA US",1/5/2018,60,68,52
USW00003177,"CARLSBAD MCCLELLAN PALOMAR AIRPORT, CA US",1/6/2018,61,66,56
USW00003177,"CARLSBAD MCCLELLAN PALOMAR AIRPORT, CA US",1/7/2018,59.5,66,53
USW00003177,"CARLSBAD MCCLELLAN PALOMAR AIRPORT, CA US",1/8/2018,65,72,58
USW00003177,"CARLSBAD MCCLELLAN PALOMAR AIRPORT, CA US",1/9/2018,59,63,55
USW00003177,"CARLSBAD MCCLELLAN PALOMAR AIRPORT, CA US",1/10/2018,56.5,61,52
USW00003177,"CARLSBAD MCCLELLAN PALOMAR AIRPORT, CA US",1/11/2018,58,67,49
USW00003177,"CARLSBAD MCCLELLAN PALOMAR AIRPORT, CA US",1/12/2018,57,64,50
USW00003177,"CARLSBAD MCCLELLAN PALOMAR AIRPORT, CA US",1/13/2018,67.5,83,52
USW00003177,"CARLSBAD MCCLELLAN PALOMAR AIRPORT, CA US",1/14/2018,66.5,78,55
USW00003177,"CARLSBAD MCCLELLAN PALOMAR AIRPORT, CA US",1/15/2018,58.5,67,50
USW00003177,"CARLSBAD MCCLELLAN PALOMAR AIRPORT, CA US",1/16/2018,59,67,51
USW00003177,"CARLSBAD MCCLELLAN PALOMAR AIRPORT, CA US",1/17/2018,60,69,51
USW00003177,"CARLSBAD MCCLELLAN PALOMAR AIRPORT, CA US",1/18/2018,62.5,74,51
USW00003177,"CARLSBAD MCCLELLAN PALOMAR AIRPORT, CA US",1/19/2018,57.5,62,53
USW00003177,"CARLSBAD MCCLELLAN PALOMAR AIRPORT, CA US",1/20/2018,54,60,48
USW00003177,"CARLSBAD MCCLELLAN PALOMAR AIRPORT, CA US",1/21/2018,53,60,46
USW00003177,"CARLSBAD MCCLELLAN PALOMAR AIRPORT, CA US",1/22/2018,54.5,64,45
USW00003177,"CARLSBAD MCCLELLAN PALOMAR AIRPORT, CA US",1/23/2018,58.5,71,46
USW00003177,"CARLSBAD MCCLELLAN PALOMAR AIRPORT, CA US",1/24/2018,60,73,47
USW00003177,"CARLSBAD MCCLELLAN PALOMAR AIRPORT, CA US",1/25/2018,53,61,45
USW00003177,"CARLSBAD MCCLELLAN PALOMAR AIRPORT, CA US",1/26/2018,54.5,61,48
USW00003177,"CARLSBAD MCCLELLAN PALOMAR AIRPORT, CA US",1/27/2018,56.5,69,44
USW00003177,"CARLSBAD MCCLELLAN PALOMAR AIRPORT, CA US",1/28/2018,70,88,52
USW00003177,"CARLSBAD MCCLELLAN PALOMAR AIRPORT, CA US",1/29/2018,72.5,85,60
USW00003177,"CARLSBAD MCCLELLAN PALOMAR AIRPORT, CA US",1/30/2018,67.5,78,57
USW00003177,"CARLSBAD MCCLELLAN PALOMAR AIRPORT, CA US",1/31/2018,64,75,53
USW00003177,"CARLSBAD MCCLELLAN PALOMAR AIRPORT, CA US",2/1/2018,63.5,76,51
USW00003177,"CARLSBAD MCCLELLAN PALOMAR AIRPORT, CA US",2/2/2018,64.5,76,53
USW00003177,"CARLSBAD MCCLELLAN PALOMAR AIRPORT, CA US",2/3/2018,63,73,53
USW00003177,"CARLSBAD MCCLELLAN PALOMAR AIRPORT, CA US",2/4/2018,64,77,51
USW00003177,"CARLSBAD MCCLELLAN PALOMAR AIRPORT, CA US",2/5/2018,59.5,68,51
USW00003177,"CARLSBAD MCCLELLAN PALOMAR AIRPORT, CA US",2/6/2018,57.5,63,52
USW00003177,"CARLSBAD MCCLELLAN PALOMAR AIRPORT, CA US",2/7/2018,61,73,49
USW00003177,"CARLSBAD MCCLELLAN PALOMAR AIRPORT, CA US",2/8/2018,61.5,72,51
USW00003177,"CARLSBAD MCCLELLAN PALOMAR AIRPORT, CA US",2/9/2018,56,64,48
USW00003177,"CARLSBAD MCCLELLAN PALOMAR AIRPORT, CA US",2/10/2018,59.5,64,55
USW00003177,"CARLSBAD MCCLELLAN PALOMAR AIRPORT, CA US",2/11/2018,58,64,52
USW00003177,"CARLSBAD MCCLELLAN PALOMAR AIRPORT, CA US",2/12/2018,55.5,59,52
USW00003177,"CARLSBAD MCCLELLAN PALOMAR AIRPORT, CA US",2/13/2018,56,63,49
USW00003177,"CARLSBAD MCCLELLAN PALOMAR AIRPORT, CA US",2/14/2018,60,67,53
USW00003177,"CARLSBAD MCCLELLAN PALOMAR AIRPORT, CA US",2/15/2018,59.5,67,52
USW00003177,"CARLSBAD MCCLELLAN PALOMAR AIRPORT, CA US",2/16/2018,64,75,53
USW00003177,"CARLSBAD MCCLELLAN PALOMAR AIRPORT, CA US",2/17/2018,59.5,69,50
USW00003177,"CARLSBAD MCCLELLAN PALOMAR AIRPORT, CA US",2/18/2018,56.5,65,48
USW00003177,"CARLSBAD MCCLELLAN PALOMAR AIRPORT, CA US",2/19/2018,51.5,57,46
USW00003177,"CARLSBAD MCCLELLAN PALOMAR AIRPORT, CA US",2/20/2018,47,57,37
USW00003177,"CARLSBAD MCCLELLAN PALOMAR AIRPORT, CA US",2/21/2018,49,56,42
USW00003177,"CARLSBAD MCCLELLAN PALOMAR AIRPORT, CA US",2/22/2018,51,58,44
USW00003177,"CARLSBAD MCCLELLAN PALOMAR AIRPORT, CA US",2/23/2018,49.5,55,44
USW00003177,"CARLSBAD MCCLELLAN PALOMAR AIRPORT, CA US",2/24/2018,50.5,61,40
USW00003177,"CARLSBAD MCCLELLAN PALOMAR AIRPORT, CA US",2/25/2018,51.5,62,41
USW00003177,"CARLSBAD MCCLELLAN PALOMAR AIRPORT, CA US",2/26/2018,53.5,61,46
USW00003177,"CARLSBAD MCCLELLAN PALOMAR AIRPORT, CA US",2/27/2018,48.5,54,43
USW00003177,"CARLSBAD MCCLELLAN PALOMAR AIRPORT, CA US",2/28/2018,49.5,58,41
USW00003177,"CARLSBAD MCCLELLAN PALOMAR AIRPORT, CA US",3/1/2018,51.5,59,44
USW00003177,"CARLSBAD MCCLELLAN PALOMAR AIRPORT, CA US",3/2/2018,53,61,45
USW00003177,"CARLSBAD MCCLELLAN PALOMAR AIRPORT, CA US",3/3/2018,56.5,60,53
USW00003177,"CARLSBAD MCCLELLAN PALOMAR AIRPORT, CA US",3/4/2018,52,58,46
USW00003177,"CARLSBAD MCCLELLAN PALOMAR AIRPORT, CA US",3/5/2018,58,71,45
USW00003177,"CARLSBAD MCCLELLAN PALOMAR AIRPORT, CA US",3/6/2018,60,70,50
USW00003177,"CARLSBAD MCCLELLAN PALOMAR AIRPORT, CA US",3/7/2018,58.5,67,50
USW00003177,"CARLSBAD MCCLELLAN PALOMAR AIRPORT, CA US",3/8/2018,58.5,66,51
USW00003177,"CARLSBAD MCCLELLAN PALOMAR AIRPORT, CA US",3/9/2018,57.5,64,51
USW00003177,"CARLSBAD MCCLELLAN PALOMAR AIRPORT, CA US",3/10/2018,57.5,59,56
USW00003177,"CARLSBAD MCCLELLAN PALOMAR AIRPORT, CA US",3/11/2018,62,67,57
USW00003177,"CARLSBAD MCCLELLAN PALOMAR AIRPORT, CA US",3/12/2018,61,65,57
USW00003177,"CARLSBAD MCCLELLAN PALOMAR AIRPORT, CA US",3/13/2018,60.5,64,57
USW00003177,"CARLSBAD MCCLELLAN PALOMAR AIRPORT, CA US",3/14/2018,59.5,62,57
USW00003177,"CARLSBAD MCCLELLAN PALOMAR AIRPORT, CA US",3/15/2018,56,60,52
USW00003177,"CARLSBAD MCCLELLAN PALOMAR AIRPORT, CA US",3/16/2018,54.5,60,49
USW00003177,"CARLSBAD MCCLELLAN PALOMAR AIRPORT, CA US",3/17/2018,54,59,49
USW00003177,"CARLSBAD MCCLELLAN PALOMAR AIRPORT, CA US",3/18/2018,52.5,59,46
USW00003177,"CARLSBAD MCCLELLAN PALOMAR AIRPORT, CA US",3/19/2018,57.5,66,49
USW00003177,"CARLSBAD MCCLELLAN PALOMAR AIRPORT, CA US",3/20/2018,59,67,51
USW00003177,"CARLSBAD MCCLELLAN PALOMAR AIRPORT, CA US",3/21/2018,62.5,72,53
USW00003177,"CARLSBAD MCCLELLAN PALOMAR AIRPORT, CA US",3/22/2018,61.5,67,56
USW00003177,"CARLSBAD MCCLELLAN PALOMAR AIRPORT, CA US",3/23/2018,60.5,64,57
USW00003177,"CARLSBAD MCCLELLAN PALOMAR AIRPORT, CA US",3/24/2018,56.5,60,53
USW00003177,"CARLSBAD MCCLELLAN PALOMAR AIRPORT, CA US",3/25/2018,55,60,50
USW00003177,"CARLSBAD MCCLELLAN PALOMAR AIRPORT, CA US",3/26/2018,54,61,47
USW00003177,"CARLSBAD MCCLELLAN PALOMAR AIRPORT, CA US",3/27/2018,58,67,49
USW00003177,"CARLSBAD MCCLELLAN PALOMAR AIRPORT, CA US",3/28/2018,57,66,48
USW00003177,"CARLSBAD MCCLELLAN PALOMAR AIRPORT, CA US",3/29/2018,57.5,66,49
USW00003177,"CARLSBAD MCCLELLAN PALOMAR AIRPORT, CA US",3/30/2018,59,67,51
USW00003177,"CARLSBAD MCCLELLAN PALOMAR AIRPORT, CA US",3/31/2018,56.5,62,51
USW00003177,"CARLSBAD MCCLELLAN PALOMAR AIRPORT, CA US",4/1/2018,58,62,54
USW00003177,"CARLSBAD MCCLELLAN PALOMAR AIRPORT, CA US",4/2/2018,59,61,57
USW00003177,"CARLSBAD MCCLELLAN PALOMAR AIRPORT, CA US",4/3/2018,60,64,56
USW00003177,"CARLSBAD MCCLELLAN PALOMAR AIRPORT, CA US",4/4/2018,58.5,61,56
USW00003177,"CARLSBAD MCCLELLAN PALOMAR AIRPORT, CA US",4/5/2018,59,63,55
USW00003177,"CARLSBAD MCCLELLAN PALOMAR AIRPORT, CA US",4/6/2018,62,67,57
USW00003177,"CARLSBAD MCCLELLAN PALOMAR AIRPORT, CA US",4/7/2018,61.5,67,56
USW00003177,"CARLSBAD MCCLELLAN PALOMAR AIRPORT, CA US",4/8/2018,63,68,58
USW00003177,"CARLSBAD MCCLELLAN PALOMAR AIRPORT, CA US",4/9/2018,67.5,80,55
USW00003177,"CARLSBAD MCCLELLAN PALOMAR AIRPORT, CA US",4/10/2018,70,83,57
USW00003177,"CARLSBAD MCCLELLAN PALOMAR AIRPORT, CA US",4/11/2018,66.5,75,58
USW00003177,"CARLSBAD MCCLELLAN PALOMAR AIRPORT, CA US",4/12/2018,59.5,64,55
USW00003177,"CARLSBAD MCCLELLAN PALOMAR AIRPORT, CA US",4/13/2018,63,75,51
USW00003177,"CARLSBAD MCCLELLAN PALOMAR AIRPORT, CA US",4/14/2018,67,81,53
USW00003177,"CARLSBAD MCCLELLAN PALOMAR AIRPORT, CA US",4/15/2018,64,75,53
USW00003177,"CARLSBAD MCCLELLAN PALOMAR AIRPORT, CA US",4/16/2018,58,63,53
USW00003177,"CARLSBAD MCCLELLAN PALOMAR AIRPORT, CA US",4/17/2018,55,62,48
USW00003177,"CARLSBAD MCCLELLAN PALOMAR AIRPORT, CA US",4/18/2018,57,65,49
USW00003177,"CARLSBAD MCCLELLAN PALOMAR AIRPORT, CA US",4/19/2018,55.5,60,51
USW00003177,"CARLSBAD MCCLELLAN PALOMAR AIRPORT, CA US",4/20/2018,59.5,70,49
USW00003177,"CARLSBAD MCCLELLAN PALOMAR AIRPORT, CA US",4/21/2018,62.5,74,51
USW00003177,"CARLSBAD MCCLELLAN PALOMAR AIRPORT, CA US",4/22/2018,63.5,72,55
USW00003177,"CARLSBAD MCCLELLAN PALOMAR AIRPORT, CA US",4/23/2018,61,67,55
USW00003177,"CARLSBAD MCCLELLAN PALOMAR AIRPORT, CA US",4/24/2018,60.5,67,54
USW00003177,"CARLSBAD MCCLELLAN PALOMAR AIRPORT, CA US",4/25/2018,59,64,54
USW00003177,"CARLSBAD MCCLELLAN PALOMAR AIRPORT, CA US",4/26/2018,60,64,56
USW00003177,"CARLSBAD MCCLELLAN PALOMAR AIRPORT, CA US",4/27/2018,59.5,64,55
USW00003177,"CARLSBAD MCCLELLAN PALOMAR AIRPORT, CA US",4/28/2018,58.5,65,52
USW00003177,"CARLSBAD MCCLELLAN PALOMAR AIRPORT, CA US",4/29/2018,61.5,65,58
USW00003177,"CARLSBAD MCCLELLAN PALOMAR AIRPORT, CA US",4/30/2018,60,64,56
USW00003177,"CARLSBAD MCCLELLAN PALOMAR AIRPORT, CA US",5/1/2018,56.5,60,53
USW00003177,"CARLSBAD MCCLELLAN PALOMAR AIRPORT, CA US",5/2/2018,56.5,61,52
USW00003177,"CARLSBAD MCCLELLAN PALOMAR AIRPORT, CA US",5/3/2018,57.5,65,50
USW00003177,"CARLSBAD MCCLELLAN PALOMAR AIRPORT, CA US",5/4/2018,64.5,75,54
USW00003177,"CARLSBAD MCCLELLAN PALOMAR AIRPORT, CA US",5/5/2018,64.5,73,56
USW00003177,"CARLSBAD MCCLELLAN PALOMAR AIRPORT, CA US",5/6/2018,63.5,71,56
USW00003177,"CARLSBAD MCCLELLAN PALOMAR AIRPORT, CA US",5/7/2018,61.5,66,57
USW00003177,"CARLSBAD MCCLELLAN PALOMAR AIRPORT, CA US",5/8/2018,60.5,67,54
USW00003177,"CARLSBAD MCCLELLAN PALOMAR AIRPORT, CA US",5/9/2018,62.5,67,58
USW00003177,"CARLSBAD MCCLELLAN PALOMAR AIRPORT, CA US",5/10/2018,63,67,59
USW00003177,"CARLSBAD MCCLELLAN PALOMAR AIRPORT, CA US",5/11/2018,59,61,57
USW00003177,"CARLSBAD MCCLELLAN PALOMAR AIRPORT, CA US",5/12/2018,58.5,63,54
USW00003177,"CARLSBAD MCCLELLAN PALOMAR AIRPORT, CA US",5/13/2018,61.5,66,57
USW00003177,"CARLSBAD MCCLELLAN PALOMAR AIRPORT, CA US",5/14/2018,60,65,55
USW00003177,"CARLSBAD MCCLELLAN PALOMAR AIRPORT, CA US",5/15/2018,62.5,66,59
USW00003177,"CARLSBAD MCCLELLAN PALOMAR AIRPORT, CA US",5/16/2018,61.5,67,56
USW00003177,"CARLSBAD MCCLELLAN PALOMAR AIRPORT, CA US",5/17/2018,62.5,66,59
USW00003177,"CARLSBAD MCCLELLAN PALOMAR AIRPORT, CA US",5/18/2018,61,64,58
USW00003177,"CARLSBAD MCCLELLAN PALOMAR AIRPORT, CA US",5/19/2018,61,63,59
USW00003177,"CARLSBAD MCCLELLAN PALOMAR AIRPORT, CA US",5/20/2018,60,62,58
USW00003177,"CARLSBAD MCCLELLAN PALOMAR AIRPORT, CA US",5/21/2018,60,63,57
USW00003177,"CARLSBAD MCCLELLAN PALOMAR AIRPORT, CA US",5/22/2018,61,64,58
USW00003177,"CARLSBAD MCCLELLAN PALOMAR AIRPORT, CA US",5/23/2018,61,65,57
USW00003177,"CARLSBAD MCCLELLAN PALOMAR AIRPORT, CA US",5/24/2018,60,63,57
USW00003177,"CARLSBAD MCCLELLAN PALOMAR AIRPORT, CA US",5/25/2018,62.5,66,59
USW00003177,"CARLSBAD MCCLELLAN PALOMAR AIRPORT, CA US",5/26/2018,60.5,65,56
USW00003177,"CARLSBAD MCCLELLAN PALOMAR AIRPORT, CA US",5/27/2018,62,67,57
USW00003177,"CARLSBAD MCCLELLAN PALOMAR AIRPORT, CA US",5/28/2018,63.5,67,60
USW00003177,"CARLSBAD MCCLELLAN PALOMAR AIRPORT, CA US",5/29/2018,63,66,60
USW00003177,"CARLSBAD MCCLELLAN PALOMAR AIRPORT, CA US",5/30/2018,62.5,67,58
USW00003177,"CARLSBAD MCCLELLAN PALOMAR AIRPORT, CA US",5/31/2018,63,67,59
USW00003177,"CARLSBAD MCCLELLAN PALOMAR AIRPORT, CA US",6/1/2018,64,68,60
USW00003177,"CARLSBAD MCCLELLAN PALOMAR AIRPORT, CA US",6/2/2018,64,71,57
USW00003177,"CARLSBAD MCCLELLAN PALOMAR AIRPORT, CA US",6/3/2018,64,69,59
USW00003177,"CARLSBAD MCCLELLAN PALOMAR AIRPORT, CA US",6/4/2018,63.5,67,60
USW00003177,"CARLSBAD MCCLELLAN PALOMAR AIRPORT, CA US",6/5/2018,64,67,61
USW00003177,"CARLSBAD MCCLELLAN PALOMAR AIRPORT, CA US",6/6/2018,64.5,69,60
USW00003177,"CARLSBAD MCCLELLAN PALOMAR AIRPORT, CA US",6/7/2018,62.5,66,59
USW00003177,"CARLSBAD MCCLELLAN PALOMAR AIRPORT, CA US",6/8/2018,64.5,72,57
USW00003177,"CARLSBAD MCCLELLAN PALOMAR AIRPORT, CA US",6/9/2018,64.5,71,58
USW00003177,"CARLSBAD MCCLELLAN PALOMAR AIRPORT, CA US",6/10/2018,66.5,71,62
USW00003177,"CARLSBAD MCCLELLAN PALOMAR AIRPORT, CA US",6/11/2018,65,71,59
USW00003177,"CARLSBAD MCCLELLAN PALOMAR AIRPORT, CA US",6/12/2018,64.5,69,60
USW00003177,"CARLSBAD MCCLELLAN PALOMAR AIRPORT, CA US",6/13/2018,64.5,70,59
USW00003177,"CARLSBAD MCCLELLAN PALOMAR AIRPORT, CA US",6/14/2018,68,76,60
USW00003177,"CARLSBAD MCCLELLAN PALOMAR AIRPORT, CA US",6/15/2018,67,71,63
USW00003177,"CARLSBAD MCCLELLAN PALOMAR AIRPORT, CA US",6/16/2018,62,64,60
USW00003177,"CARLSBAD MCCLELLAN PALOMAR AIRPORT, CA US",6/17/2018,62.5,65,60
USW00003177,"CARLSBAD MCCLELLAN PALOMAR AIRPORT, CA US",6/18/2018,64,68,60
USW00003177,"CARLSBAD MCCLELLAN PALOMAR AIRPORT, CA US",6/19/2018,64.5,68,61
USW00003177,"CARLSBAD MCCLELLAN PALOMAR AIRPORT, CA US",6/20/2018,64.5,68,61
USW00003177,"CARLSBAD MCCLELLAN PALOMAR AIRPORT, CA US",6/21/2018,65.5,69,62
USW00003177,"CARLSBAD MCCLELLAN PALOMAR AIRPORT, CA US",6/22/2018,66.5,71,62
USW00003177,"CARLSBAD MCCLELLAN PALOMAR AIRPORT, CA US",6/23/2018,64,67,61
USW00003177,"CARLSBAD MCCLELLAN PALOMAR AIRPORT, CA US",6/24/2018,64.5,68,61
USW00003177,"CARLSBAD MCCLELLAN PALOMAR AIRPORT, CA US",6/25/2018,65,69,61
USW00003177,"CARLSBAD MCCLELLAN PALOMAR AIRPORT, CA US",6/26/2018,67.5,72,63
USW00003177,"CARLSBAD MCCLELLAN PALOMAR AIRPORT, CA US",6/27/2018,66,70,62
USW00003177,"CARLSBAD MCCLELLAN PALOMAR AIRPORT, CA US",6/28/2018,65,68,62
USW00003177,"CARLSBAD MCCLELLAN PALOMAR AIRPORT, CA US",6/29/2018,66,70,62
USW00003177,"CARLSBAD MCCLELLAN PALOMAR AIRPORT, CA US",6/30/2018,65.5,69,62
USW00003177,"CARLSBAD MCCLELLAN PALOMAR AIRPORT, CA US",7/1/2018,65,69,61
USW00003177,"CARLSBAD MCCLELLAN PALOMAR AIRPORT, CA US",7/2/2018,67.5,72,63
USW00003177,"CARLSBAD MCCLELLAN PALOMAR AIRPORT, CA US",7/3/2018,67,70,64
USW00003177,"CARLSBAD MCCLELLAN PALOMAR AIRPORT, CA US",7/4/2018,68,72,64
USW00003177,"CARLSBAD MCCLELLAN PALOMAR AIRPORT, CA US",7/5/2018,71,78,64
USW00003177,"CARLSBAD MCCLELLAN PALOMAR AIRPORT, CA US",7/6/2018,77.5,90,65
USW00003177,"CARLSBAD MCCLELLAN PALOMAR AIRPORT, CA US",7/7/2018,81.5,90,73
USW00003177,"CARLSBAD MCCLELLAN PALOMAR AIRPORT, CA US",7/8/2018,81,89,73
USW00003177,"CARLSBAD MCCLELLAN PALOMAR AIRPORT, CA US",7/9/2018,76,81,71
USW00003177,"CARLSBAD MCCLELLAN PALOMAR AIRPORT, CA US",7/10/2018,72.5,76,69
USW00003177,"CARLSBAD MCCLELLAN PALOMAR AIRPORT, CA US",7/11/2018,72,77,67
USW00003177,"CARLSBAD MCCLELLAN PALOMAR AIRPORT, CA US",7/12/2018,71,75,67
USW00003177,"CARLSBAD MCCLELLAN PALOMAR AIRPORT, CA US",7/13/2018,70.5,74,67
USW00003177,"CARLSBAD MCCLELLAN PALOMAR AIRPORT, CA US",7/14/2018,70.5,74,67
USW00003177,"CARLSBAD MCCLELLAN PALOMAR AIRPORT, CA US",7/15/2018,69.5,74,65
USW00003177,"CARLSBAD MCCLELLAN PALOMAR AIRPORT, CA US",7/16/2018,69,74,64
USW00003177,"CARLSBAD MCCLELLAN PALOMAR AIRPORT, CA US",7/17/2018,68,71,65
USW00003177,"CARLSBAD MCCLELLAN PALOMAR AIRPORT, CA US",7/18/2018,69,73,65
USW00003177,"CARLSBAD MCCLELLAN PALOMAR AIRPORT, CA US",7/19/2018,70,75,65
USW00003177,"CARLSBAD MCCLELLAN PALOMAR AIRPORT, CA US",7/20/2018,69.5,73,66
USW00003177,"CARLSBAD MCCLELLAN PALOMAR AIRPORT, CA US",7/21/2018,70,73,67
USW00003177,"CARLSBAD MCCLELLAN PALOMAR AIRPORT, CA US",7/22/2018,70.5,77,64
USW00003177,"CARLSBAD MCCLELLAN PALOMAR AIRPORT, CA US",7/23/2018,73,80,66
USW00003177,"CARLSBAD MCCLELLAN PALOMAR AIRPORT, CA US",7/24/2018,74,80,68
USW00003177,"CARLSBAD MCCLELLAN PALOMAR AIRPORT, CA US",7/25/2018,72.5,77,68
USW00003177,"CARLSBAD MCCLELLAN PALOMAR AIRPORT, CA US",7/26/2018,70.5,74,67
USW00003177,"CARLSBAD MCCLELLAN PALOMAR AIRPORT, CA US",7/27/2018,71,77,65
USW00003177,"CARLSBAD MCCLELLAN PALOMAR AIRPORT, CA US",7/28/2018,71,74,68
USW00003177,"CARLSBAD MCCLELLAN PALOMAR AIRPORT, CA US",7/29/2018,73,79,67
USW00003177,"CARLSBAD MCCLELLAN PALOMAR AIRPORT, CA US",7/30/2018,73,78,68
USW00003177,"CARLSBAD MCCLELLAN PALOMAR AIRPORT, CA US",7/31/2018,73,78,68
USW00003177,"CARLSBAD MCCLELLAN PALOMAR AIRPORT, CA US",8/1/2018,75.5,81,70
USW00003177,"CARLSBAD MCCLELLAN PALOMAR AIRPORT, CA US",8/2/2018,74,79,69
USW00003177,"CARLSBAD MCCLELLAN PALOMAR AIRPORT, CA US",8/3/2018,72,77,67
USW00003177,"CARLSBAD MCCLELLAN PALOMAR AIRPORT, CA US",8/4/2018,72.5,78,67
USW00003177,"CARLSBAD MCCLELLAN PALOMAR AIRPORT, CA US",8/5/2018,69.5,75,64
USW00003177,"CARLSBAD MCCLELLAN PALOMAR AIRPORT, CA US",8/6/2018,70.5,78,63
USW00003177,"CARLSBAD MCCLELLAN PALOMAR AIRPORT, CA US",8/7/2018,76,84,68
USW00003177,"CARLSBAD MCCLELLAN PALOMAR AIRPORT, CA US",8/8/2018,78.5,87,70
USW00003177,"CARLSBAD MCCLELLAN PALOMAR AIRPORT, CA US",8/9/2018,78.5,86,71
USW00003177,"CARLSBAD MCCLELLAN PALOMAR AIRPORT, CA US",8/10/2018,80.5,86,75
USW00003177,"CARLSBAD MCCLELLAN PALOMAR AIRPORT, CA US",8/11/2018,78,83,73
USW00003177,"CARLSBAD MCCLELLAN PALOMAR AIRPORT, CA US",8/12/2018,76,80,72
USW00003177,"CARLSBAD MCCLELLAN PALOMAR AIRPORT, CA US",8/13/2018,74,78,70
USW00003177,"CARLSBAD MCCLELLAN PALOMAR AIRPORT, CA US",8/14/2018,72.5,77,68
USW00003177,"CARLSBAD MCCLELLAN PALOMAR AIRPORT, CA US",8/15/2018,73.5,77,70
USW00003177,"CARLSBAD MCCLELLAN PALOMAR AIRPORT, CA US",8/16/2018,73.5,77,70
USW00003177,"CARLSBAD MCCLELLAN PALOMAR AIRPORT, CA US",8/17/2018,74,77,71
USW00003177,"CARLSBAD MCCLELLAN PALOMAR AIRPORT, CA US",8/18/2018,74.5,78,71
USW00003177,"CARLSBAD MCCLELLAN PALOMAR AIRPORT, CA US",8/19/2018,73,77,69
USW00003177,"CARLSBAD MCCLELLAN PALOMAR AIRPORT, CA US",8/20/2018,73.5,77,70
USW00003177,"CARLSBAD MCCLELLAN PALOMAR AIRPORT, CA US",8/21/2018,73.5,77,70
USW00003177,"CARLSBAD MCCLELLAN PALOMAR AIRPORT, CA US",8/22/2018,73,77,69
USW00003177,"CARLSBAD MCCLELLAN PALOMAR AIRPORT, CA US",8/23/2018,73,77,69
USW00003177,"CARLSBAD MCCLELLAN PALOMAR AIRPORT, CA US",8/24/2018,71.5,75,68
USW00003177,"CARLSBAD MCCLELLAN PALOMAR AIRPORT, CA US",8/25/2018,71,75,67
USW00003177,"CARLSBAD MCCLELLAN PALOMAR AIRPORT, CA US",8/26/2018,72.5,77,68
USW00003177,"CARLSBAD MCCLELLAN PALOMAR AIRPORT, CA US",8/27/2018,71,75,67
USW00003177,"CARLSBAD MCCLELLAN PALOMAR AIRPORT, CA US",8/28/2018,71,76,66
USW00003177,"CARLSBAD MCCLELLAN PALOMAR AIRPORT, CA US",8/29/2018,72,78,66
USW00003177,"CARLSBAD MCCLELLAN PALOMAR AIRPORT, CA US",8/30/2018,71.5,79,64
USW00003177,"CARLSBAD MCCLELLAN PALOMAR AIRPORT, CA US",8/31/2018,70,75,65
USW00003177,"CARLSBAD MCCLELLAN PALOMAR AIRPORT, CA US",9/1/2018,70.5,74,67
USW00003177,"CARLSBAD MCCLELLAN PALOMAR AIRPORT, CA US",9/2/2018,71.5,75,68
USW00003177,"CARLSBAD MCCLELLAN PALOMAR AIRPORT, CA US",9/3/2018,69.5,72,67
USW00003177,"CARLSBAD MCCLELLAN PALOMAR AIRPORT, CA US",9/4/2018,69,71,67
USW00003177,"CARLSBAD MCCLELLAN PALOMAR AIRPORT, CA US",9/5/2018,71,75,67
USW00003177,"CARLSBAD MCCLELLAN PALOMAR AIRPORT, CA US",9/6/2018,69.5,74,65
USW00003177,"CARLSBAD MCCLELLAN PALOMAR AIRPORT, CA US",9/7/2018,70,74,66
USW00003177,"CARLSBAD MCCLELLAN PALOMAR AIRPORT, CA US",9/8/2018,71,78,64
USW00003177,"CARLSBAD MCCLELLAN PALOMAR AIRPORT, CA US",9/9/2018,70.5,78,63
USW00003177,"CARLSBAD MCCLELLAN PALOMAR AIRPORT, CA US",9/10/2018,69,74,64
USW00003177,"CARLSBAD MCCLELLAN PALOMAR AIRPORT, CA US",9/11/2018,67,72,62
USW00003177,"CARLSBAD MCCLELLAN PALOMAR AIRPORT, CA US",9/12/2018,69.5,74,65
USW00003177,"CARLSBAD MCCLELLAN PALOMAR AIRPORT, CA US",9/13/2018,69,76,62
USW00003177,"CARLSBAD MCCLELLAN PALOMAR AIRPORT, CA US",9/14/2018,70.5,79,62
USW00003177,"CARLSBAD MCCLELLAN PALOMAR AIRPORT, CA US",9/15/2018,71.5,78,65
USW00003177,"CARLSBAD MCCLELLAN PALOMAR AIRPORT, CA US",9/16/2018,71,78,64
USW00003177,"CARLSBAD MCCLELLAN PALOMAR AIRPORT, CA US",9/17/2018,67.5,76,59
USW00003177,"CARLSBAD MCCLELLAN PALOMAR AIRPORT, CA US",9/18/2018,67.5,75,60
USW00003177,"CARLSBAD MCCLELLAN PALOMAR AIRPORT, CA US",9/19/2018,68,73,63
USW00003177,"CARLSBAD MCCLELLAN PALOMAR AIRPORT, CA US",9/20/2018,67,71,63
USW00003177,"CARLSBAD MCCLELLAN PALOMAR AIRPORT, CA US",9/21/2018,66,72,60
USW00003177,"CARLSBAD MCCLELLAN PALOMAR AIRPORT, CA US",9/22/2018,69,74,64
USW00003177,"CARLSBAD MCCLELLAN PALOMAR AIRPORT, CA US",9/23/2018,69.5,74,65
USW00003177,"CARLSBAD MCCLELLAN PALOMAR AIRPORT, CA US",9/24/2018,65.5,67,64
USW00003177,"CARLSBAD MCCLELLAN PALOMAR AIRPORT, CA US",9/25/2018,67.5,70,65
USW00003177,"CARLSBAD MCCLELLAN PALOMAR AIRPORT, CA US",9/26/2018,66.5,70,63
USW00003177,"CARLSBAD MCCLELLAN PALOMAR AIRPORT, CA US",9/27/2018,66.5,71,62
USW00003177,"CARLSBAD MCCLELLAN PALOMAR AIRPORT, CA US",9/28/2018,68,72,64
USW00003177,"CARLSBAD MCCLELLAN PALOMAR AIRPORT, CA US",9/29/2018,68,72,64
USW00003177,"CARLSBAD MCCLELLAN PALOMAR AIRPORT, CA US",9/30/2018,68.5,75,62
USW00003177,"CARLSBAD MCCLELLAN PALOMAR AIRPORT, CA US",10/1/2018,78,89,67
USW00003177,"CARLSBAD MCCLELLAN PALOMAR AIRPORT, CA US",10/2/2018,71.5,76,67
USW00003177,"CARLSBAD MCCLELLAN PALOMAR AIRPORT, CA US",10/3/2018,70,74,66
USW00003177,"CARLSBAD MCCLELLAN PALOMAR AIRPORT, CA US",10/4/2018,68,72,64
USW00003177,"CARLSBAD MCCLELLAN PALOMAR AIRPORT, CA US",10/5/2018,67.5,71,64
USW00003177,"CARLSBAD MCCLELLAN PALOMAR AIRPORT, CA US",10/6/2018,66.5,70,63
USW00003177,"CARLSBAD MCCLELLAN PALOMAR AIRPORT, CA US",10/7/2018,65.5,70,61
USW00003177,"CARLSBAD MCCLELLAN PALOMAR AIRPORT, CA US",10/8/2018,64.5,70,59
USW00003177,"CARLSBAD MCCLELLAN PALOMAR AIRPORT, CA US",10/9/2018,64.5,70,59
USW00003177,"CARLSBAD MCCLELLAN PALOMAR AIRPORT, CA US",10/10/2018,63.5,69,58
USW00003177,"CARLSBAD MCCLELLAN PALOMAR AIRPORT, CA US",10/11/2018,65,70,60
USW00003177,"CARLSBAD MCCLELLAN PALOMAR AIRPORT, CA US",10/12/2018,63.5,71,56
USW00003177,"CARLSBAD MCCLELLAN PALOMAR AIRPORT, CA US",10/13/2018,64,68,60
USW00003177,"CARLSBAD MCCLELLAN PALOMAR AIRPORT, CA US",10/14/2018,65,70,60
USW00003177,"CARLSBAD MCCLELLAN PALOMAR AIRPORT, CA US",10/15/2018,70.5,83,58
USW00003177,"CARLSBAD MCCLELLAN PALOMAR AIRPORT, CA US",10/16/2018,64.5,77,52
USW00003177,"CARLSBAD MCCLELLAN PALOMAR AIRPORT, CA US",10/17/2018,65,75,55
USW00003177,"CARLSBAD MCCLELLAN PALOMAR AIRPORT, CA US",10/18/2018,69.5,82,57
USW00003177,"CARLSBAD MCCLELLAN PALOMAR AIRPORT, CA US",10/19/2018,71,84,58
USW00003177,"CARLSBAD MCCLELLAN PALOMAR AIRPORT, CA US",10/20/2018,71.5,82,61
USW00003177,"CARLSBAD MCCLELLAN PALOMAR AIRPORT, CA US",10/21/2018,65,73,57
USW00003177,"CARLSBAD MCCLELLAN PALOMAR AIRPORT, CA US",10/22/2018,64.5,68,61
USW00003177,"CARLSBAD MCCLELLAN PALOMAR AIRPORT, CA US",10/23/2018,65,69,61
USW00003177,"CARLSBAD MCCLELLAN PALOMAR AIRPORT, CA US",10/24/2018,66,70,62
USW00003177,"CARLSBAD MCCLELLAN PALOMAR AIRPORT, CA US",10/25/2018,64.5,69,60
USW00003177,"CARLSBAD MCCLELLAN PALOMAR AIRPORT, CA US",10/26/2018,64,72,56
USW00003177,"CARLSBAD MCCLELLAN PALOMAR AIRPORT, CA US",10/27/2018,64,74,54
USW00003177,"CARLSBAD MCCLELLAN PALOMAR AIRPORT, CA US",10/28/2018,63.5,71,56
USW00003177,"CARLSBAD MCCLELLAN PALOMAR AIRPORT, CA US",10/29/2018,63.5,71,56
USW00003177,"CARLSBAD MCCLELLAN PALOMAR AIRPORT, CA US",10/30/2018,64.5,69,60
USW00003177,"CARLSBAD MCCLELLAN PALOMAR AIRPORT, CA US",10/31/2018,67,77,57
USW00003177,"CARLSBAD MCCLELLAN PALOMAR AIRPORT, CA US",11/1/2018,65.5,76,55
USW00003177,"CARLSBAD MCCLELLAN PALOMAR AIRPORT, CA US",11/2/2018,70,83,57
USW00003177,"CARLSBAD MCCLELLAN PALOMAR AIRPORT, CA US",11/3/2018,67.5,78,57
USW00003177,"CARLSBAD MCCLELLAN PALOMAR AIRPORT, CA US",11/4/2018,64.5,72,57
USW00003177,"CARLSBAD MCCLELLAN PALOMAR AIRPORT, CA US",11/5/2018,61.5,69,54
USW00003177,"CARLSBAD MCCLELLAN PALOMAR AIRPORT, CA US",11/6/2018,66.5,70,63
USW00003177,"CARLSBAD MCCLELLAN PALOMAR AIRPORT, CA US",11/7/2018,65.5,69,62
USW00003177,"CARLSBAD MCCLELLAN PALOMAR AIRPORT, CA US",11/8/2018,66,71,61
USW00003177,"CARLSBAD MCCLELLAN PALOMAR AIRPORT, CA US",11/9/2018,71.5,85,58
USW00003177,"CARLSBAD MCCLELLAN PALOMAR AIRPORT, CA US",11/10/2018,64.5,76,53
USW00003177,"CARLSBAD MCCLELLAN PALOMAR AIRPORT, CA US",11/11/2018,64.5,78,51
USW00003177,"CARLSBAD MCCLELLAN PALOMAR AIRPORT, CA US",11/12/2018,63.5,79,48
USW00003177,"CARLSBAD MCCLELLAN PALOMAR AIRPORT, CA US",11/13/2018,68.5,80,57
USW00003177,"CARLSBAD MCCLELLAN PALOMAR AIRPORT, CA US",11/14/2018,68,80,56
USW00003177,"CARLSBAD MCCLELLAN PALOMAR AIRPORT, CA US",11/15/2018,62.5,74,51
USW00003177,"CARLSBAD MCCLELLAN PALOMAR AIRPORT, CA US",11/16/2018,63,74,52
USW00003177,"CARLSBAD MCCLELLAN PALOMAR AIRPORT, CA US",11/17/2018,61,70,52
USW00003177,"CARLSBAD MCCLELLAN PALOMAR AIRPORT, CA US",11/18/2018,60.5,70,51
USW00003177,"CARLSBAD MCCLELLAN PALOMAR AIRPORT, CA US",11/19/2018,60.5,69,52
USW00003177,"CARLSBAD MCCLELLAN PALOMAR AIRPORT, CA US",11/20/2018,58.5,67,50
USW00003177,"CARLSBAD MCCLELLAN PALOMAR AIRPORT, CA US",11/21/2018,61,69,53
USW00003177,"CARLSBAD MCCLELLAN PALOMAR AIRPORT, CA US",11/22/2018,62.5,67,58
USW00003177,"CARLSBAD MCCLELLAN PALOMAR AIRPORT, CA US",11/23/2018,61,66,56
USW00003177,"CARLSBAD MCCLELLAN PALOMAR AIRPORT, CA US",11/24/2018,62,67,57
USW00003177,"CARLSBAD MCCLELLAN PALOMAR AIRPORT, CA US",11/25/2018,62.5,72,53
USW00003177,"CARLSBAD MCCLELLAN PALOMAR AIRPORT, CA US",11/26/2018,63.5,73,54
USW00003177,"CARLSBAD MCCLELLAN PALOMAR AIRPORT, CA US",11/27/2018,62,72,52
USW00003177,"CARLSBAD MCCLELLAN PALOMAR AIRPORT, CA US",11/28/2018,59,66,52
USW00003177,"CARLSBAD MCCLELLAN PALOMAR AIRPORT, CA US",11/29/2018,60,63,57
USW00003177,"CARLSBAD MCCLELLAN PALOMAR AIRPORT, CA US",11/30/2018,59,64,54
USW00003177,"CARLSBAD MCCLELLAN PALOMAR AIRPORT, CA US",12/1/2018,57.5,63,52
USW00003177,"CARLSBAD MCCLELLAN PALOMAR AIRPORT, CA US",12/2/2018,55.5,62,49
USW00003177,"CARLSBAD MCCLELLAN PALOMAR AIRPORT, CA US",12/3/2018,56.5,66,47
USW00003177,"CARLSBAD MCCLELLAN PALOMAR AIRPORT, CA US",12/4/2018,58,69,47
USW00003177,"CARLSBAD MCCLELLAN PALOMAR AIRPORT, CA US",12/5/2018,54,61,47
USW00003177,"CARLSBAD MCCLELLAN PALOMAR AIRPORT, CA US",12/6/2018,60,66,54
USW00003177,"CARLSBAD MCCLELLAN PALOMAR AIRPORT, CA US",12/7/2018,61,69,53
USW00003177,"CARLSBAD MCCLELLAN PALOMAR AIRPORT, CA US",12/8/2018,58.5,67,50
USW00003177,"CARLSBAD MCCLELLAN PALOMAR AIRPORT, CA US",12/9/2018,60.5,72,49
USW00003177,"CARLSBAD MCCLELLAN PALOMAR AIRPORT, CA US",12/10/2018,59,66,52
USW00003177,"CARLSBAD MCCLELLAN PALOMAR AIRPORT, CA US",12/11/2018,58.5,65,52
USW00003177,"CARLSBAD MCCLELLAN PALOMAR AIRPORT, CA US",12/12/2018,57,64,50
USW00003177,"CARLSBAD MCCLELLAN PALOMAR AIRPORT, CA US",12/13/2018,61.5,76,47
USW00003177,"CARLSBAD MCCLELLAN PALOMAR AIRPORT, CA US",12/14/2018,60,69,51
USW00003177,"CARLSBAD MCCLELLAN PALOMAR AIRPORT, CA US",12/15/2018,59,67,51
USW00003177,"CARLSBAD MCCLELLAN PALOMAR AIRPORT, CA US",12/16/2018,56,66,46
USW00003177,"CARLSBAD MCCLELLAN PALOMAR AIRPORT, CA US",12/17/2018,58.5,65,52
USW00003177,"CARLSBAD MCCLELLAN PALOMAR AIRPORT, CA US",12/18/2018,58.5,65,52
USW00003177,"CARLSBAD MCCLELLAN PALOMAR AIRPORT, CA US",12/19/2018,58.5,67,50
USW00003177,"CARLSBAD MCCLELLAN PALOMAR AIRPORT, CA US",12/20/2018,57,68,46
USW00003177,"CARLSBAD MCCLELLAN PALOMAR AIRPORT, CA US",12/21/2018,58.5,66,51
USW00003177,"CARLSBAD MCCLELLAN PALOMAR AIRPORT, CA US",12/22/2018,56,65,47
USW00003177,"CARLSBAD MCCLELLAN PALOMAR AIRPORT, CA US",12/23/2018,57.5,64,51
USW00003177,"CARLSBAD MCCLELLAN PALOMAR AIRPORT, CA US",12/24/2018,56.5,63,50
USW00003177,"CARLSBAD MCCLELLAN PALOMAR AIRPORT, CA US",12/25/2018,55,60,50
USW00003177,"CARLSBAD MCCLELLAN PALOMAR AIRPORT, CA US",12/26/2018,55.5,63,48
USW00003177,"CARLSBAD MCCLELLAN PALOMAR AIRPORT, CA US",12/27/2018,54.5,62,47
USW00003177,"CARLSBAD MCCLELLAN PALOMAR AIRPORT, CA US",12/28/2018,53.5,63,44
USW00003177,"CARLSBAD MCCLELLAN PALOMAR AIRPORT, CA US",12/29/2018,51,61,41
USW00003177,"CARLSBAD MCCLELLAN PALOMAR AIRPORT, CA US",12/30/2018,52,61,43
USW00003177,"CARLSBAD MCCLELLAN PALOMAR AIRPORT, CA US",12/31/2018,52.5,60,45
USW00003177,"CARLSBAD MCCLELLAN PALOMAR AIRPORT, CA US",1/1/2019,51,61,41
USW00003177,"CARLSBAD MCCLELLAN PALOMAR AIRPORT, CA US",1/2/2019,#DIV/0!,,
USW00003177,"CARLSBAD MCCLELLAN PALOMAR AIRPORT, CA US",1/3/2019,53,64,42
USW00003177,"CARLSBAD MCCLELLAN PALOMAR AIRPORT, CA US",1/4/2019,51,62,40
USW00003177,"CARLSBAD MCCLELLAN PALOMAR AIRPORT, CA US",1/5/2019,54.5,60,49
USW00003177,"CARLSBAD MCCLELLAN PALOMAR AIRPORT, CA US",1/6/2019,56,62,50
USW00003177,"CARLSBAD MCCLELLAN PALOMAR AIRPORT, CA US",1/7/2019,58,66,50
USW00003177,"CARLSBAD MCCLELLAN PALOMAR AIRPORT, CA US",1/8/2019,60,70,50
USW00003177,"CARLSBAD MCCLELLAN PALOMAR AIRPORT, CA US",1/9/2019,56,64,48
USW00003177,"CARLSBAD MCCLELLAN PALOMAR AIRPORT, CA US",1/10/2019,57,63,51
USW00003177,"CARLSBAD MCCLELLAN PALOMAR AIRPORT, CA US",1/11/2019,55.5,62,49
USW00003177,"CARLSBAD MCCLELLAN PALOMAR AIRPORT, CA US",1/12/2019,56,61,51
USW00003177,"CARLSBAD MCCLELLAN PALOMAR AIRPORT, CA US",1/13/2019,56,64,48
USW00003177,"CARLSBAD MCCLELLAN PALOMAR AIRPORT, CA US",1/14/2019,58,62,54
USW00003177,"CARLSBAD MCCLELLAN PALOMAR AIRPORT, CA US",1/15/2019,59,63,55
USW00003177,"CARLSBAD MCCLELLAN PALOMAR AIRPORT, CA US",1/16/2019,62.5,68,57
USW00003177,"CARLSBAD MCCLELLAN PALOMAR AIRPORT, CA US",1/17/2019,60.5,62,59
USW00003177,"CARLSBAD MCCLELLAN PALOMAR AIRPORT, CA US",1/18/2019,59,64,54
USW00003177,"CARLSBAD MCCLELLAN PALOMAR AIRPORT, CA US",1/19/2019,60.5,71,50
USW00003177,"CARLSBAD MCCLELLAN PALOMAR AIRPORT, CA US",1/20/2019,63.5,74,53
USW00003177,"CARLSBAD MCCLELLAN PALOMAR AIRPORT, CA US",1/21/2019,56.5,62,51
USW00003177,"CARLSBAD MCCLELLAN PALOMAR AIRPORT, CA US",1/22/2019,57.5,70,45
USW00003177,"CARLSBAD MCCLELLAN PALOMAR AIRPORT, CA US",1/23/2019,57,69,45
USW00003177,"CARLSBAD MCCLELLAN PALOMAR AIRPORT, CA US",1/24/2019,61,76,46
USW00003177,"CARLSBAD MCCLELLAN PALOMAR AIRPORT, CA US",1/25/2019,62.5,76,49
USW00003177,"CARLSBAD MCCLELLAN PALOMAR AIRPORT, CA US",1/26/2019,64,76,52
USW00003177,"CARLSBAD MCCLELLAN PALOMAR AIRPORT, CA US",1/27/2019,63,75,51
USW00003177,"CARLSBAD MCCLELLAN PALOMAR AIRPORT, CA US",1/28/2019,61,71,51
USW00003177,"CARLSBAD MCCLELLAN PALOMAR AIRPORT, CA US",1/29/2019,59,66,52
USW00003177,"CARLSBAD MCCLELLAN PALOMAR AIRPORT, CA US",1/30/2019,60.5,65,56
USW00003177,"CARLSBAD MCCLELLAN PALOMAR AIRPORT, CA US",1/31/2019,58,63,53
USW00003177,"CARLSBAD MCCLELLAN PALOMAR AIRPORT, CA US",2/1/2019,57,63,51
USW00003177,"CARLSBAD MCCLELLAN PALOMAR AIRPORT, CA US",2/2/2019,59,65,53
USW00003177,"CARLSBAD MCCLELLAN PALOMAR AIRPORT, CA US",2/3/2019,56.5,62,51
USW00003177,"CARLSBAD MCCLELLAN PALOMAR AIRPORT, CA US",2/4/2019,57.5,62,53
USW00003177,"CARLSBAD MCCLELLAN PALOMAR AIRPORT, CA US",2/5/2019,55,58,52
USW00003177,"CARLSBAD MCCLELLAN PALOMAR AIRPORT, CA US",2/6/2019,49,57,41
USW00003177,"CARLSBAD MCCLELLAN PALOMAR AIRPORT, CA US",2/7/2019,50.5,60,41
USW00003177,"CARLSBAD MCCLELLAN PALOMAR AIRPORT, CA US",2/8/2019,51.5,62,41
USW00003177,"CARLSBAD MCCLELLAN PALOMAR AIRPORT, CA US",2/9/2019,53.5,59,48
USW00003177,"CARLSBAD MCCLELLAN PALOMAR AIRPORT, CA US",2/10/2019,52.5,60,45
USW00003177,"CARLSBAD MCCLELLAN PALOMAR AIRPORT, CA US",2/11/2019,50.5,59,42
USW00003177,"CARLSBAD MCCLELLAN PALOMAR AIRPORT, CA US",2/12/2019,56.5,71,42
USW00003177,"CARLSBAD MCCLELLAN PALOMAR AIRPORT, CA US",2/13/2019,59.5,67,52
USW00003177,"CARLSBAD MCCLELLAN PALOMAR AIRPORT, CA US",2/14/2019,58.5,64,53
USW00003177,"CARLSBAD MCCLELLAN PALOMAR AIRPORT, CA US",2/15/2019,56,61,51
USW00003177,"CARLSBAD MCCLELLAN PALOMAR AIRPORT, CA US",2/16/2019,55,60,50
USW00003177,"CARLSBAD MCCLELLAN PALOMAR AIRPORT, CA US",2/17/2019,54.5,59,50
USW00003177,"CARLSBAD MCCLELLAN PALOMAR AIRPORT, CA US",2/18/2019,49,56,42
USW00003177,"CARLSBAD MCCLELLAN PALOMAR AIRPORT, CA US",2/19/2019,50,60,40
USW00003177,"CARLSBAD MCCLELLAN PALOMAR AIRPORT, CA US",2/20/2019,49.5,57,42
USW00003177,"CARLSBAD MCCLELLAN PALOMAR AIRPORT, CA US",2/21/2019,49.5,57,42
USW00003177,"CARLSBAD MCCLELLAN PALOMAR AIRPORT, CA US",2/22/2019,48.5,58,39
USW00003177,"CARLSBAD MCCLELLAN PALOMAR AIRPORT, CA US",2/23/2019,52,62,42
USW00003177,"CARLSBAD MCCLELLAN PALOMAR AIRPORT, CA US",2/24/2019,52.5,62,43
USW00003177,"CARLSBAD MCCLELLAN PALOMAR AIRPORT, CA US",2/25/2019,55,65,45
USW00003177,"CARLSBAD MCCLELLAN PALOMAR AIRPORT, CA US",2/26/2019,54,62,46
USW00003177,"CARLSBAD MCCLELLAN PALOMAR AIRPORT, CA US",2/27/2019,56,62,50
USW00003177,"CARLSBAD MCCLELLAN PALOMAR AIRPORT, CA US",2/28/2019,61.5,68,55
USW00003177,"CARLSBAD MCCLELLAN PALOMAR AIRPORT, CA US",3/1/2019,60.5,64,57
USW00003177,"CARLSBAD MCCLELLAN PALOMAR AIRPORT, CA US",3/2/2019,58.5,61,56
USW00003177,"CARLSBAD MCCLELLAN PALOMAR AIRPORT, CA US",3/3/2019,58.5,62,55
USW00003177,"CARLSBAD MCCLELLAN PALOMAR AIRPORT, CA US",3/4/2019,56.5,61,52
USW00003177,"CARLSBAD MCCLELLAN PALOMAR AIRPORT, CA US",3/5/2019,58,68,48
USW00003177,"CARLSBAD MCCLELLAN PALOMAR AIRPORT, CA US",3/6/2019,62.5,67,58
USW00003177,"CARLSBAD MCCLELLAN PALOMAR AIRPORT, CA US",3/7/2019,57.5,62,53
USW00003177,"CARLSBAD MCCLELLAN PALOMAR AIRPORT, CA US",3/8/2019,53.5,58,49
USW00003177,"CARLSBAD MCCLELLAN PALOMAR AIRPORT, CA US",3/9/2019,52.5,59,46
USW00003177,"CARLSBAD MCCLELLAN PALOMAR AIRPORT, CA US",3/10/2019,53,59,47
USW00003177,"CARLSBAD MCCLELLAN PALOMAR AIRPORT, CA US",3/11/2019,54,59,49
USW00003177,"CARLSBAD MCCLELLAN PALOMAR AIRPORT, CA US",3/12/2019,56,62,50
USW00003177,"CARLSBAD MCCLELLAN PALOMAR AIRPORT, CA US",3/13/2019,56.5,62,51
USW00003177,"CARLSBAD MCCLELLAN PALOMAR AIRPORT, CA US",3/14/2019,61,72,50
USW00003177,"CARLSBAD MCCLELLAN PALOMAR AIRPORT, CA US",3/15/2019,63.5,75,52
USW00003177,"CARLSBAD MCCLELLAN PALOMAR AIRPORT, CA US",3/16/2019,64,75,53
USW00003177,"CARLSBAD MCCLELLAN PALOMAR AIRPORT, CA US",3/17/2019,61.5,72,51
USW00003177,"CARLSBAD MCCLELLAN PALOMAR AIRPORT, CA US",3/18/2019,61.5,69,54
USW00003177,"CARLSBAD MCCLELLAN PALOMAR AIRPORT, CA US",3/19/2019,58.5,64,53
USW00003177,"CARLSBAD MCCLELLAN PALOMAR AIRPORT, CA US",3/20/2019,60.5,66,55
USW00003177,"CARLSBAD MCCLELLAN PALOMAR AIRPORT, CA US",3/21/2019,57,62,52
USW00003177,"CARLSBAD MCCLELLAN PALOMAR AIRPORT, CA US",3/22/2019,55.5,62,49
USW00003177,"CARLSBAD MCCLELLAN PALOMAR AIRPORT, CA US",3/23/2019,56.5,63,50
USW00003177,"CARLSBAD MCCLELLAN PALOMAR AIRPORT, CA US",3/24/2019,59.5,65,54
USW00003177,"CARLSBAD MCCLELLAN PALOMAR AIRPORT, CA US",3/25/2019,58,66,50
USW00003177,"CARLSBAD MCCLELLAN PALOMAR AIRPORT, CA US",3/26/2019,58.5,66,51
USW00003177,"CARLSBAD MCCLELLAN PALOMAR AIRPORT, CA US",3/27/2019,60.5,65,56
USW00003177,"CARLSBAD MCCLELLAN PALOMAR AIRPORT, CA US",3/28/2019,59.5,65,54
USW00003177,"CARLSBAD MCCLELLAN PALOMAR AIRPORT, CA US",3/29/2019,57,64,50
USW00003177,"CARLSBAD MCCLELLAN PALOMAR AIRPORT, CA US",3/30/2019,60,69,51
USW00003177,"CARLSBAD MCCLELLAN PALOMAR AIRPORT, CA US",3/31/2019,66,78,54
USW00003177,"CARLSBAD MCCLELLAN PALOMAR AIRPORT, CA US",4/1/2019,70.5,80,61
USW00003177,"CARLSBAD MCCLELLAN PALOMAR AIRPORT, CA US",4/2/2019,61.5,66,57
USW00003177,"CARLSBAD MCCLELLAN PALOMAR AIRPORT, CA US",4/3/2019,61.5,65,58
USW00003177,"CARLSBAD MCCLELLAN PALOMAR AIRPORT, CA US",4/4/2019,60.5,65,56
USW00003177,"CARLSBAD MCCLELLAN PALOMAR AIRPORT, CA US",4/5/2019,60.5,65,56
USW00003177,"CARLSBAD MCCLELLAN PALOMAR AIRPORT, CA US",4/6/2019,61.5,66,57
USW00003177,"CARLSBAD MCCLELLAN PALOMAR AIRPORT, CA US",4/7/2019,64,73,55
USW00003177,"CARLSBAD MCCLELLAN PALOMAR AIRPORT, CA US",4/8/2019,68.5,79,58
USW00003177,"CARLSBAD MCCLELLAN PALOMAR AIRPORT, CA US",4/9/2019,63,69,57
USW00003177,"CARLSBAD MCCLELLAN PALOMAR AIRPORT, CA US",4/10/2019,60.5,70,51
USW00003177,"CARLSBAD MCCLELLAN PALOMAR AIRPORT, CA US",4/11/2019,60,67,53
USW00003177,"CARLSBAD MCCLELLAN PALOMAR AIRPORT, CA US",4/12/2019,61.5,67,56
USW00003177,"CARLSBAD MCCLELLAN PALOMAR AIRPORT, CA US",4/13/2019,62,71,53
USW00003177,"CARLSBAD MCCLELLAN PALOMAR AIRPORT, CA US",4/14/2019,62.5,71,54
USW00003177,"CARLSBAD MCCLELLAN PALOMAR AIRPORT, CA US",4/15/2019,60,64,56
USW00003177,"CARLSBAD MCCLELLAN PALOMAR AIRPORT, CA US",4/16/2019,61,64,58
USW00003177,"CARLSBAD MCCLELLAN PALOMAR AIRPORT, CA US",4/17/2019,62.5,70,55
USW00003177,"CARLSBAD MCCLELLAN PALOMAR AIRPORT, CA US",4/18/2019,64.5,73,56
USW00003177,"CARLSBAD MCCLELLAN PALOMAR AIRPORT, CA US",4/19/2019,62,66,58
USW00003177,"CARLSBAD MCCLELLAN PALOMAR AIRPORT, CA US",4/20/2019,60.5,63,58
USW00003177,"CARLSBAD MCCLELLAN PALOMAR AIRPORT, CA US",4/21/2019,60,64,56
USW00003177,"CARLSBAD MCCLELLAN PALOMAR AIRPORT, CA US",4/22/2019,60,66,54
USW00003177,"CARLSBAD MCCLELLAN PALOMAR AIRPORT, CA US",4/23/2019,61.5,67,56
USW00003177,"CARLSBAD MCCLELLAN PALOMAR AIRPORT, CA US",4/24/2019,63.5,69,58
USW00003177,"CARLSBAD MCCLELLAN PALOMAR AIRPORT, CA US",4/25/2019,63,68,58
USW00003177,"CARLSBAD MCCLELLAN PALOMAR AIRPORT, CA US",4/26/2019,62.5,66,59
USW00003177,"CARLSBAD MCCLELLAN PALOMAR AIRPORT, CA US",4/27/2019,63,67,59
USW00003177,"CARLSBAD MCCLELLAN PALOMAR AIRPORT, CA US",4/28/2019,64.5,69,60
USW00003177,"CARLSBAD MCCLELLAN PALOMAR AIRPORT, CA US",4/29/2019,62,66,58
USW00003177,"CARLSBAD MCCLELLAN PALOMAR AIRPORT, CA US",4/30/2019,60,63,57
USW00003177,"CARLSBAD MCCLELLAN PALOMAR AIRPORT, CA US",5/1/2019,62.5,66,59
USW00003177,"CARLSBAD MCCLELLAN PALOMAR AIRPORT, CA US",5/2/2019,62,67,57
USW00003177,"CARLSBAD MCCLELLAN PALOMAR AIRPORT, CA US",5/3/2019,63.5,67,60
USW00003177,"CARLSBAD MCCLELLAN PALOMAR AIRPORT, CA US",5/4/2019,62.5,67,58
USW00003177,"CARLSBAD MCCLELLAN PALOMAR AIRPORT, CA US",5/5/2019,63,67,59
USW00003177,"CARLSBAD MCCLELLAN PALOMAR AIRPORT, CA US",5/6/2019,63.5,68,59
USW00003177,"CARLSBAD MCCLELLAN PALOMAR AIRPORT, CA US",5/7/2019,62,66,58
USW00003177,"CARLSBAD MCCLELLAN PALOMAR AIRPORT, CA US",5/8/2019,61.5,64,59
USW00003177,"CARLSBAD MCCLELLAN PALOMAR AIRPORT, CA US",5/9/2019,62,65,59
USW00003177,"CARLSBAD MCCLELLAN PALOMAR AIRPORT, CA US",5/10/2019,63,68,58
USW00003177,"CARLSBAD MCCLELLAN PALOMAR AIRPORT, CA US",5/11/2019,65,70,60
USW00003177,"CARLSBAD MCCLELLAN PALOMAR AIRPORT, CA US",5/12/2019,65.5,70,61
USW00003177,"CARLSBAD MCCLELLAN PALOMAR AIRPORT, CA US",5/13/2019,65.5,68,63
USW00003177,"CARLSBAD MCCLELLAN PALOMAR AIRPORT, CA US",5/14/2019,66,69,63
USW00003177,"CARLSBAD MCCLELLAN PALOMAR AIRPORT, CA US",5/15/2019,64,66,62
USW00003177,"CARLSBAD MCCLELLAN PALOMAR AIRPORT, CA US",5/16/2019,63,66,60
USW00003177,"CARLSBAD MCCLELLAN PALOMAR AIRPORT, CA US",5/17/2019,62,66,58
USW00003177,"CARLSBAD MCCLELLAN PALOMAR AIRPORT, CA US",5/18/2019,61,68,54
USW00003177,"CARLSBAD MCCLELLAN PALOMAR AIRPORT, CA US",5/19/2019,61.5,67,56
USW00003177,"CARLSBAD MCCLELLAN PALOMAR AIRPORT, CA US",5/20/2019,61,65,57
USW00003177,"CARLSBAD MCCLELLAN PALOMAR AIRPORT, CA US",5/21/2019,60.5,64,57
USW00003177,"CARLSBAD MCCLELLAN PALOMAR AIRPORT, CA US",5/22/2019,61,64,58
USW00003177,"CARLSBAD MCCLELLAN PALOMAR AIRPORT, CA US",5/23/2019,61,65,57
USW00003177,"CARLSBAD MCCLELLAN PALOMAR AIRPORT, CA US",5/24/2019,61,68,54
USW00003177,"CARLSBAD MCCLELLAN PALOMAR AIRPORT, CA US",5/25/2019,61.5,67,56
USW00003177,"CARLSBAD MCCLELLAN PALOMAR AIRPORT, CA US",5/26/2019,59.5,62,57
USW00003177,"CARLSBAD MCCLELLAN PALOMAR AIRPORT, CA US",5/27/2019,60,64,56
USW00003177,"CARLSBAD MCCLELLAN PALOMAR AIRPORT, CA US",5/28/2019,60,67,53
USW00003177,"CARLSBAD MCCLELLAN PALOMAR AIRPORT, CA US",5/29/2019,62.5,68,57
USW00003177,"CARLSBAD MCCLELLAN PALOMAR AIRPORT, CA US",5/30/2019,64,67,61
USW00003177,"CARLSBAD MCCLELLAN PALOMAR AIRPORT, CA US",5/31/2019,63.5,66,61
USW00003177,"CARLSBAD MCCLELLAN PALOMAR AIRPORT, CA US",6/1/2019,62.5,66,59
USW00003177,"CARLSBAD MCCLELLAN PALOMAR AIRPORT, CA US",6/2/2019,62.5,65,60
USW00003177,"CARLSBAD MCCLELLAN PALOMAR AIRPORT, CA US",6/3/2019,63.5,66,61
USW00003177,"CARLSBAD MCCLELLAN PALOMAR AIRPORT, CA US",6/4/2019,63.5,66,61
USW00003177,"CARLSBAD MCCLELLAN PALOMAR AIRPORT, CA US",6/5/2019,63.5,66,61
USW00003177,"CARLSBAD MCCLELLAN PALOMAR AIRPORT, CA US",6/6/2019,63.5,66,61
USW00003177,"CARLSBAD MCCLELLAN PALOMAR AIRPORT, CA US",6/7/2019,64,67,61
USW00003177,"CARLSBAD MCCLELLAN PALOMAR AIRPORT, CA US",6/8/2019,64.5,68,61
USW00003177,"CARLSBAD MCCLELLAN PALOMAR AIRPORT, CA US",6/9/2019,66.5,74,59
USW00003177,"CARLSBAD MCCLELLAN PALOMAR AIRPORT, CA US",6/10/2019,72,84,60
USW00003177,"CARLSBAD MCCLELLAN PALOMAR AIRPORT, CA US",6/11/2019,68,74,62
USW00003177,"CARLSBAD MCCLELLAN PALOMAR AIRPORT, CA US",6/12/2019,67,71,63
USW00003177,"CARLSBAD MCCLELLAN PALOMAR AIRPORT, CA US",6/13/2019,64,67,61
USW00003177,"CARLSBAD MCCLELLAN PALOMAR AIRPORT, CA US",6/14/2019,65,68,62
USW00003177,"CARLSBAD MCCLELLAN PALOMAR AIRPORT, CA US",6/15/2019,66.5,70,63
USW00003177,"CARLSBAD MCCLELLAN PALOMAR AIRPORT, CA US",6/16/2019,65,67,63
USW00003177,"CARLSBAD MCCLELLAN PALOMAR AIRPORT, CA US",6/17/2019,63.5,65,62
USW00003177,"CARLSBAD MCCLELLAN PALOMAR AIRPORT, CA US",6/18/2019,64,67,61
USW00003177,"CARLSBAD MCCLELLAN PALOMAR AIRPORT, CA US",6/19/2019,65.5,70,61
USW00003177,"CARLSBAD MCCLELLAN PALOMAR AIRPORT, CA US",6/20/2019,66,70,62
USW00003177,"CARLSBAD MCCLELLAN PALOMAR AIRPORT, CA US",6/21/2019,65.5,69,62
USW00003177,"CARLSBAD MCCLELLAN PALOMAR AIRPORT, CA US",6/22/2019,67,71,63
USW00003177,"CARLSBAD MCCLELLAN PALOMAR AIRPORT, CA US",6/23/2019,68.5,72,65
USW00003177,"CARLSBAD MCCLELLAN PALOMAR AIRPORT, CA US",6/24/2019,66,69,63
USW00003177,"CARLSBAD MCCLELLAN PALOMAR AIRPORT, CA US",6/25/2019,63.5,65,62
USW00003177,"CARLSBAD MCCLELLAN PALOMAR AIRPORT, CA US",6/26/2019,65.5,69,62
USW00003177,"CARLSBAD MCCLELLAN PALOMAR AIRPORT, CA US",6/27/2019,67,71,63
USW00003177,"CARLSBAD MCCLELLAN PALOMAR AIRPORT, CA US",6/28/2019,68,73,63
USW00003177,"CARLSBAD MCCLELLAN PALOMAR AIRPORT, CA US",6/29/2019,69.5,76,63
USW00003177,"CARLSBAD MCCLELLAN PALOMAR AIRPORT, CA US",6/30/2019,73,79,67
USW00003177,"CARLSBAD MCCLELLAN PALOMAR AIRPORT, CA US",7/1/2019,68,73,63
USW00003177,"CARLSBAD MCCLELLAN PALOMAR AIRPORT, CA US",7/2/2019,68,73,63
USW00003177,"CARLSBAD MCCLELLAN PALOMAR AIRPORT, CA US",7/3/2019,67.5,71,64
USW00003177,"CARLSBAD MCCLELLAN PALOMAR AIRPORT, CA US",7/4/2019,68,71,65
USW00003177,"CARLSBAD MCCLELLAN PALOMAR AIRPORT, CA US",7/5/2019,68.5,72,65
USW00003177,"CARLSBAD MCCLELLAN PALOMAR AIRPORT, CA US",7/6/2019,67.5,70,65
USW00003177,"CARLSBAD MCCLELLAN PALOMAR AIRPORT, CA US",7/7/2019,67.5,71,64
USW00003177,"CARLSBAD MCCLELLAN PALOMAR AIRPORT, CA US",7/8/2019,68,72,64
USW00003177,"CARLSBAD MCCLELLAN PALOMAR AIRPORT, CA US",7/9/2019,70,74,66
USW00003177,"CARLSBAD MCCLELLAN PALOMAR AIRPORT, CA US",7/10/2019,69.5,74,65
USW00003177,"CARLSBAD MCCLELLAN PALOMAR AIRPORT, CA US",7/11/2019,70.5,75,66
USW00003177,"CARLSBAD MCCLELLAN PALOMAR AIRPORT, CA US",7/12/2019,70,74,66
USW00003177,"CARLSBAD MCCLELLAN PALOMAR AIRPORT, CA US",7/13/2019,69.5,74,65
USW00003177,"CARLSBAD MCCLELLAN PALOMAR AIRPORT, CA US",7/14/2019,69,73,65
USW00003177,"CARLSBAD MCCLELLAN PALOMAR AIRPORT, CA US",7/15/2019,70,75,65
USW00003177,"CARLSBAD MCCLELLAN PALOMAR AIRPORT, CA US",7/16/2019,69.5,74,65
USW00003177,"CARLSBAD MCCLELLAN PALOMAR AIRPORT, CA US",7/17/2019,68.5,72,65
USW00003177,"CARLSBAD MCCLELLAN PALOMAR AIRPORT, CA US",7/18/2019,70,74,66
USW00003177,"CARLSBAD MCCLELLAN PALOMAR AIRPORT, CA US",7/19/2019,68,71,65
